code,gov,title,date,url,label
100000,中医药,“临床医学研究”和“艾滋病防治关键技术及产品研究”两个重点项目课题申报指南的通知,2004/9/10,http://bgs.satcm.gov.cn/zhengcewenjian/2018-03-24/1174.html,0
100000,中医药,《2006━2020年国家信息化发展战略》（2）,2006/5/8,http://bgs.satcm.gov.cn/zhengcewenjian/2018-03-24/1138.html,0
100000,中医药,《中医医术确有专长人员医师资格考核注册管理暂行办法》解读,2017/12/20,http://fjs.satcm.gov.cn/zhengcewenjian/2018-03-24/2403.html,0
100000,中医药,《中医药发展战略规划纲要（2016—2030年）》问答11-20,2017/6/1,http://fjs.satcm.gov.cn/zhengcewenjian/2018-03-24/2473.html,0
100000,中医药,《中医药发展战略规划纲要（2016—2030年）》问答21-30,2017/6/1,http://fjs.satcm.gov.cn/zhengcewenjian/2018-03-24/2474.html,0
100000,中医药,《中医药发展战略规划纲要（2016—2030年）》问答31-40,2017/6/1,http://fjs.satcm.gov.cn/zhengcewenjian/2018-03-24/2475.html,0
100000,中医药,《中医药发展战略规划纲要（2016—2030年）》问答41-50,2017/6/1,http://fjs.satcm.gov.cn/zhengcewenjian/2018-03-24/2476.html,0
100000,中医药,《中华人民共和国中医药法》全文,2016/12/26,http://fjs.satcm.gov.cn/zhengcewenjian/2018-03-24/2249.html,0
100000,中医药,《中国中医药报》社有限公司负责人2017、2018年度薪酬情况,2019/12/25,http://rjs.satcm.gov.cn/zhengcewenjian/2019-12-25/12272.html,0
100000,中医药,《中药品种保护条例》修订后征求意见,2006/7/17,http://fjs.satcm.gov.cn/zhengcewenjian/2018-03-24/2627.html,0
100000,中医药,《关于利用社区资源做好离退休干部服务工作的意见》,2011/9/6,http://rjs.satcm.gov.cn/zhengcewenjian/2018-03-24/1984.html,0
100000,中医药,《关于进一步完善中央财政科研项目资金管理等政策的若干意见》,2017/2/15,http://gcs.satcm.gov.cn/zhengcewenjian/2018-03-24/2223.html,0
100000,中医药,《国务院关于改进加强中央财政科研项目和资金管理的若干意见》政策解读,2017/2/15,http://gcs.satcm.gov.cn/zhengcewenjian/2018-03-24/2221.html,0
100000,中医药,《国家中医药管理局办公室、商务部办公厅关于印发首批中医药服务贸易重点项目、骨干企业（机构）和重点区域申报指南的通知》,2013/9/9,http://ghs.satcm.gov.cn/zhengcewenjian/2018-03-24/3943.html,0
100000,中医药,2004年中医药工作要点,2004/3/25,http://bgs.satcm.gov.cn/zhengcewenjian/2018-03-24/1183.html,0
100000,中医药,2010卷《中国中医药年鉴》（行政卷）特约编辑会议通知,2009/12/22,http://bgs.satcm.gov.cn/zhengcewenjian/2018-03-24/1026.html,0
100000,中医药,2011年度拟录用公务员人选公示,2011/5/19,http://rjs.satcm.gov.cn/zhengcewenjian/2018-03-24/1991.html,0
100000,中医药,2017年度国家级中医药继续教育项目 执行情况公示（第一批）,2017/8/23,http://rjs.satcm.gov.cn/zhengcewenjian/2018-03-24/1829.html,0
100000,中医药,2017年度国家级中医药继续教育项目执行情况公示（第二批）,2018/2/27,http://rjs.satcm.gov.cn/zhengcewenjian/2018-03-24/1823.html,0
100000,中医药,中共中央办公厅发出通知要求认真学习宣传党的十八届六中全会精神,2016/11/18,http://jgdw.satcm.gov.cn/zhengcewenjian/2018-03-24/4461.html,0
100000,中医药,中共中央办公厅国务院办公厅印发《2006-2020年国家信息化发展战略》,2006/5/9,http://bgs.satcm.gov.cn/zhengcewenjian/2018-03-24/1137.html,0
100000,中医药,中共中央印发《关于认真学习宣传贯彻党的十八大精神的通知》,2012/11/28,http://jgdw.satcm.gov.cn/zhengcewenjian/2018-03-24/4492.html,0
100000,中医药,中共国家中医药管理局党组关于认真学习宣传贯彻党的十八大精神的通知,2012/11/30,http://jgdw.satcm.gov.cn/zhengcewenjian/2018-03-24/4491.html,0
100000,中医药,中共国家中医药管理局党组印发认真学习宣传贯彻党的十八大精神的通知,2012/12/7,http://jgdw.satcm.gov.cn/zhengcewenjian/2018-03-24/4487.html,0
100000,中医药,中医中药中国行办公室关于印发 第五届全国悦读中医活动方案的通知,2018/5/25,http://bgs.satcm.gov.cn/zhengcewenjian/2018-05-25/7221.html,0
100000,中医药,中医医术确有专长人员医师资格考核注册管理暂行办法,2017/12/1,http://fjs.satcm.gov.cn/zhengcewenjian/2018-03-24/2404.html,0
100000,中医药,中医基本现状调查表彰候选名单公示,2011/8/17,http://fjs.satcm.gov.cn/zhengcewenjian/2018-03-24/2547.html,0
100000,中医药,中医药国际合作专项建设单位工作进展专报,2015/8/12,http://www.satcm.gov.cn/d/file/6577b08f7bf86cdde123eaecfd898cbc.docx,0
100000,中医药,中医药国际合作专项项目简介,2015/7/30,http://ghs.satcm.gov.cn/zhengcewenjian/2018-07-25/7486.html,0
100000,中医药,中医药法释义（10）,2017/7/1,http://fjs.satcm.gov.cn/zhengcewenjian/2018-03-24/2420.html,0
100000,中医药,中医药法释义（11）,2017/7/1,http://fjs.satcm.gov.cn/zhengcewenjian/2018-03-24/2421.html,0
100000,中医药,中医药法释义（15）,2017/7/1,http://fjs.satcm.gov.cn/zhengcewenjian/2018-03-24/2425.html,0
100000,中医药,中医药法释义（16）,2017/7/1,http://fjs.satcm.gov.cn/zhengcewenjian/2018-03-24/2426.html,0
100000,中医药,中医药法释义（17）,2017/7/1,http://fjs.satcm.gov.cn/zhengcewenjian/2018-03-24/2427.html,0
100000,中医药,中医药法释义（18）,2017/7/1,http://fjs.satcm.gov.cn/zhengcewenjian/2018-03-24/2428.html,0
100000,中医药,中医药法释义（22）,2017/7/1,http://fjs.satcm.gov.cn/zhengcewenjian/2018-03-24/2432.html,0
100000,中医药,中医药法释义（23）,2017/7/1,http://fjs.satcm.gov.cn/zhengcewenjian/2018-03-24/2433.html,0
100000,中医药,中医药法释义（24）,2017/7/1,http://fjs.satcm.gov.cn/zhengcewenjian/2018-03-24/2434.html,0
100000,中医药,中医药法释义（25）,2017/7/1,http://fjs.satcm.gov.cn/zhengcewenjian/2018-03-24/2435.html,0
100000,中医药,中医药法释义（26）,2017/7/1,http://fjs.satcm.gov.cn/zhengcewenjian/2018-03-24/2436.html,0
100000,中医药,中医药法释义（27）,2017/7/1,http://fjs.satcm.gov.cn/zhengcewenjian/2018-03-24/2437.html,0
100000,中医药,中医药法释义（32）,2017/7/1,http://fjs.satcm.gov.cn/zhengcewenjian/2018-03-24/2442.html,0
100000,中医药,中医药法释义（33）,2017/7/1,http://fjs.satcm.gov.cn/zhengcewenjian/2018-03-24/2443.html,0
100000,中医药,中医药法释义（34）,2017/7/1,http://fjs.satcm.gov.cn/zhengcewenjian/2018-03-24/2444.html,0
100000,中医药,中医药法释义（35）,2017/7/1,http://fjs.satcm.gov.cn/zhengcewenjian/2018-03-24/2445.html,0
100000,中医药,中医药法释义（37）,2017/7/1,http://fjs.satcm.gov.cn/zhengcewenjian/2018-03-24/2447.html,0
100000,中医药,中医药法释义（38）,2017/7/1,http://fjs.satcm.gov.cn/zhengcewenjian/2018-03-24/2448.html,0
100000,中医药,中医药法释义（39）,2017/7/1,http://fjs.satcm.gov.cn/zhengcewenjian/2018-03-24/2449.html,0
100000,中医药,中医药法释义（4）,2017/7/1,http://fjs.satcm.gov.cn/zhengcewenjian/2018-03-24/2414.html,0
100000,中医药,中医药法释义（41）,2017/7/1,http://fjs.satcm.gov.cn/zhengcewenjian/2018-03-24/2451.html,0
100000,中医药,中医药法释义（42）,2017/7/1,http://fjs.satcm.gov.cn/zhengcewenjian/2018-03-24/2452.html,0
100000,中医药,中医药法释义（43）,2017/7/1,http://fjs.satcm.gov.cn/zhengcewenjian/2018-03-24/2453.html,0
100000,中医药,中医药法释义（44）,2017/7/1,http://fjs.satcm.gov.cn/zhengcewenjian/2018-03-24/2454.html,0
100000,中医药,中医药法释义（49）,2017/7/1,http://fjs.satcm.gov.cn/zhengcewenjian/2018-03-24/2459.html,0
100000,中医药,中医药法释义（5）,2017/7/1,http://fjs.satcm.gov.cn/zhengcewenjian/2018-03-24/2415.html,0
100000,中医药,中医药法释义（50）,2017/7/1,http://fjs.satcm.gov.cn/zhengcewenjian/2018-03-24/2460.html,0
100000,中医药,中医药法释义（51）,2017/7/1,http://fjs.satcm.gov.cn/zhengcewenjian/2018-03-24/2461.html,0
100000,中医药,中医药法释义（52）,2017/7/1,http://fjs.satcm.gov.cn/zhengcewenjian/2018-03-24/2462.html,0
100000,中医药,中医药法释义（57）,2017/7/1,http://fjs.satcm.gov.cn/zhengcewenjian/2018-03-24/2467.html,0
100000,中医药,中医药法释义（58）,2017/7/1,http://fjs.satcm.gov.cn/zhengcewenjian/2018-03-24/2468.html,0
100000,中医药,中医药法释义（8）,2017/7/1,http://fjs.satcm.gov.cn/zhengcewenjian/2018-03-24/2418.html,0
100000,中医药,中医药法释义（9）,2017/7/1,http://fjs.satcm.gov.cn/zhengcewenjian/2018-03-24/2419.html,0
100000,中医药,中医诊所备案管理暂行办法,2017/11/16,http://fjs.satcm.gov.cn/zhengcewenjian/2018-03-24/2406.html,0
100000,中医药,中华人民共和国政府采购法,2006/10/18,http://fwzx.satcm.gov.cn/zhengcewenjian/2018-03-24/4527.html,0
100000,中医药,中国中医药出版社负责人2018年度薪酬情况,2019/9/9,http://rjs.satcm.gov.cn/zhengcewenjian/2019-09-11/10857.html,0
100000,中医药,中国卫生信息学会关于召开中医药信息化专业委员会成立大会暨中医药信息化工作座谈会的通知,2013/7/24,http://bgs.satcm.gov.cn/zhengcewenjian/2018-03-24/910.html,0
100000,中医药,中国卫生信息学会成立中医药信息化专委会,2013/8/27,http://bgs.satcm.gov.cn/zhengcewenjian/2018-03-24/905.html,0
100000,中医药,中央党的群众路线教育实践活动领导小组印发《关于认真学习贯彻习近平总书记在党的群众路线教育实践活动工作会议上的讲话的通知》,2013/7/4,http://jgdw.satcm.gov.cn/zhengcewenjian/2018-03-24/4482.html,0
100000,中医药,人力资源社会保障部、国家卫生计生委、国家中医药局关于评选国医大师、全国名中医的通知,2016/11/30,http://rjs.satcm.gov.cn/zhengcewenjian/2018-03-24/1848.html,0
100000,中医药,人力资源社会保障部国家卫生计生委国家中医药局关于表彰第二届国医大师的决定,2014/11/13,http://rjs.satcm.gov.cn/zhengcewenjian/2018-03-24/1902.html,0
100000,中医药,做好调研加快推进中医医院信息化建设,2012/9/17,http://bgs.satcm.gov.cn/zhengcewenjian/2018-03-24/932.html,0
100000,中医药,全国中医药行业会计领军（后备）人才培养工程第二期培训班笔试成绩公示,2015/2/16,http://gcs.satcm.gov.cn/zhengcewenjian/2018-03-24/2226.html,0
100000,中医药,全国人民代表大会常务委员会关于维护互联网安全的决定,2006/7/18,http://bgs.satcm.gov.cn/zhengcewenjian/2018-03-24/1130.html,0
100000,中医药,全国卫生系统先进集体、先进工作者及“白求恩奖章”获得者拟表彰对象公示,2012/9/3,http://rjs.satcm.gov.cn/zhengcewenjian/2018-03-24/1954.html,0
100000,中医药,公示,2010/12/11,http://rjs.satcm.gov.cn/zhengcewenjian/2018-03-24/2005.html,0
100000,中医药,关于“中医临床诊疗技术整理与研究项目”课题验收、鉴定有关要求的通知,2004/9/16,http://bgs.satcm.gov.cn/zhengcewenjian/2018-03-24/1173.html,0
100000,中医药,关于“名老中医药专家经验传承研究”课题申报限额和《申报书》的补充通知,2006/10/30,http://rjs.satcm.gov.cn/zhengcewenjian/2018-03-24/2102.html,0
100000,中医药,关于“杏林春暖——2010年中医药界迎新春茶话会”文艺节目、文学艺术作品征集活动的通知,2009/12/28,http://bgs.satcm.gov.cn/zhengcewenjian/2018-03-24/1024.html,0
100000,中医药,关于2007年职称医古文考试工作有关问题的通知,2007/5/10,http://rjs.satcm.gov.cn/zhengcewenjian/2018-03-24/2085.html,0
100000,中医药,关于2010、2011年中医药行业科研专项慢病项目组织申报工作有关要求的通知,2010/3/2,http://kjs.satcm.gov.cn/zhengcewenjian/2018-03-24/3551.html,0
100000,中医药,关于2016年虚假违法中医医疗广告（杂志第一批）监测情况的通报,2016/5/24,http://fjs.satcm.gov.cn/zhengcewenjian/2018-03-24/2491.html,0
100000,中医药,关于2016年虚假违法中医医疗广告（杂志第二批）监测情况的通报,2016/11/15,http://fjs.satcm.gov.cn/zhengcewenjian/2018-03-24/2485.html,0
100000,中医药,关于2018年度中医药国际合作专项项目清单的公示,2018/5/28,http://ghs.satcm.gov.cn/zhengcewenjian/2018-05-28/7225.html,0
100000,中医药,关于2018年虚假违法中医医疗广告 （报纸第二批）监测情况的通报,2018/7/31,http://fjs.satcm.gov.cn/zhengcewenjian/2018-07-24/7484.html,0
100000,中医药,关于2019年度中医药绩效评价和中医药扶贫项目政府购买服务入选单位的公告,2019/6/27,http://gcs.satcm.gov.cn/zhengcewenjian/2019-06-26/10110.html,0
100000,中医药,关于2019年虚假违法中医医疗广告 （报纸第二批）监测情况的通报,2019/10/14,http://fjs.satcm.gov.cn/zhengcewenjian/2019-10-14/11485.html,0
100000,中医药,关于7年制中医学专业毕业生及中医学专业,1999/1/1,http://bgs.satcm.gov.cn/zhengcewenjian/2018-03-24/1227.html,0
100000,中医药,关于上报各地做好第二批教育实践活动有关工作报告的通知,2014/8/27,http://jgdw.satcm.gov.cn/zhengcewenjian/2018-03-24/4476.html,0
100000,中医药,关于举办“海峡两岸中医药发展大会”的通知,2009/10/19,http://ghs.satcm.gov.cn/zhengcewenjian/2018-03-24/3950.html,0
100000,中医药,关于举办《中医护理常规、,1999/1/1,http://bgs.satcm.gov.cn/zhengcewenjian/2018-03-24/1243.html,0
100000,中医药,关于举办《中医药发展战略规划纲要》专题培训暨中医药管理干部提升治理能力培训班的通知,2016/10/8,http://rjs.satcm.gov.cn/zhengcewenjian/2018-03-24/1850.html,0
100000,中医药,关于举办2005年～2006年度全国法制好新闻评选活动的通知,2007/6/1,http://fjs.satcm.gov.cn/zhengcewenjian/2018-03-24/2606.html,0
100000,中医药,关于举办传统文化与中医培训班的通知,2012/7/18,http://rjs.satcm.gov.cn/zhengcewenjian/2018-03-24/1963.html,0
100000,中医药,关于举办全国名老中医药专家传承工作室信息管理系统培训班的通知,2013/7/11,http://rjs.satcm.gov.cn/zhengcewenjian/2018-03-24/1927.html,0
100000,中医药,关于举办国家中医药管理局学习贯彻党的十八大精神培训班的通知,2012/12/3,http://jgdw.satcm.gov.cn/zhengcewenjian/2018-03-24/4490.html,0
100000,中医药,关于举办国家中医药管理局干部档案管理培训班的通知,1999/1/1,http://bgs.satcm.gov.cn/zhengcewenjian/2018-03-24/1203.html,0
100000,中医药,关于举办国家中医药管理局第一期“中医医院职业化管理高级研修班”的通知,2013/5/30,http://rjs.satcm.gov.cn/zhengcewenjian/2018-03-24/1931.html,0
100000,中医药,关于举办国家中医药管理局第三期中医医院职业化管理高级研修班的通知,2015/4/1,http://rjs.satcm.gov.cn/zhengcewenjian/2018-03-24/1894.html,0
100000,中医药,关于举办基层中医药适宜技术推广视频网络平台建设培训班（第三期）的通知,2011/11/21,http://yzs.satcm.gov.cn/zhengcewenjian/2018-03-24/3171.html,0
100000,中医药,关于举办基层中医药适宜技术推广视频网络平台建设培训班（第二期）的通知,2011/11/15,http://yzs.satcm.gov.cn/zhengcewenjian/2018-03-24/3172.html,0
100000,中医药,关于举办海峡论坛—2013海峡两岸中医药发展与合作研讨会的通知,2013/5/20,http://ghs.satcm.gov.cn/zhengcewenjian/2018-03-24/3946.html,0
100000,中医药,关于举办第三批全国优秀中医临床人才研修项目第三期培训班通知,2013/2/21,http://rjs.satcm.gov.cn/zhengcewenjian/2018-03-24/1940.html,0
100000,中医药,关于举办第二批全国优秀中医临床人才研修项目第三期培训班的通知,2010/3/24,http://rjs.satcm.gov.cn/zhengcewenjian/2018-03-24/2017.html,0
100000,中医药,关于举办第二批全国优秀中医临床人才研修项目第二期培训班的通知,2009/8/10,http://rjs.satcm.gov.cn/zhengcewenjian/2018-03-24/2025.html,0
100000,中医药,关于举办第二批全国优秀中医临床人才研修项目第四期培训班的通知,2010/10/13,http://rjs.satcm.gov.cn/zhengcewenjian/2018-03-24/2010.html,0
100000,中医药,关于举办纪念中国共产党成立95周年暨红军长征胜利80周年系列活动的通知,2016/4/13,http://jgdw.satcm.gov.cn/zhengcewenjian/2018-03-24/4465.html,0
100000,中医药,关于做好2017年全国综合医院、专科医院、妇幼保健院中医药工作示范单位申报评估工作的通知,2017/8/17,http://bgs.satcm.gov.cn/zhengcewenjian/2018-03-24/833.html,0
100000,中医药,关于做好2017年国家基本公共卫生服务项目工作的通知,2017/9/4,http://yzs.satcm.gov.cn/zhengcewenjian/2018-03-24/3152.html,0
100000,中医药,关于做好国家中医药管理局第一批重点研究室建设项目2009年度考核工作的通知,2010/1/8,http://kjs.satcm.gov.cn/zhengcewenjian/2018-03-24/3554.html,0
100000,中医药,关于做好国家卫生计生委2013—2015年度“两优一先”评选工作的通知,2015/5/27,http://jgdw.satcm.gov.cn/zhengcewenjian/2018-03-24/4471.html,0
100000,中医药,关于公布2006年度国家中医药管理局中医药继续教育项目的通知,2006/8/8,http://rjs.satcm.gov.cn/zhengcewenjian/2018-03-24/2107.html,0
100000,中医药,关于公布2007年度国家级中医药继续教育项目的通知,2007/6/1,http://rjs.satcm.gov.cn/zhengcewenjian/2018-03-24/2082.html,0
100000,中医药,关于公布国家中医药管理局中医药文化科普巡讲团成员名单的通知,2013/4/15,http://bgs.satcm.gov.cn/zhengcewenjian/2018-03-24/917.html,0
100000,中医药,关于公布第二届全国悦读中医之星评选活动结果的通知,2015/12/29,http://bgs.satcm.gov.cn/zhengcewenjian/2018-03-24/868.html,0
100000,中医药,关于公示农村基层优秀中医人选名单的通知,2005/7/22,http://bgs.satcm.gov.cn/zhengcewenjian/2018-03-24/1153.html,0
100000,中医药,关于公示国家中医药服务出口基地入围名单的通知,2019/9/16,http://ghs.satcm.gov.cn/zhengcewenjian/2019-09-16/10896.html,0
100000,中医药,关于切实做好抗震救灾医疗卫生应急救援和食品药品安全监管工作的通知,2008/5/14,http://bgs.satcm.gov.cn/zhengcewenjian/2018-03-24/1082.html,0
100000,中医药,关于加强“优秀中医临床人才研修项目”管理的通知,2004/10/29,http://rjs.satcm.gov.cn/zhengcewenjian/2018-03-24/2120.html,0
100000,人民政府,关于贯彻落实降低残疾人就业保障金征收标准政策的通知,2018/12/31,http://www.gov.cn/zhengce/zhengceku/2018-12/31/content_5444173.htm,1
100000,人民政府,筑牢就业安置政策保障,2018/8/10,http://www.gov.cn/zhengce/2018-08/01/content_5310885.htm,1
100000,人社,“下得去、留得住、干得好、流得动”,2017/1/25,http://www.mohrss.gov.cn/SYrlzyhshbzb/dongtaixinwen/buneiyaowen/201701/t20170125_265558.html,0
100000,人社,《关于加强社会保险欺诈案件查处和移送工作的通知》有关问题解答,2015/3/6,http://www.mohrss.gov.cn/SYrlzyhshbzb/zcfg/SYzhengcejiedu/201503/t20150306_153335.html,0
100000,人社,人力资源和社会保障部 中国残疾人联合会关于开展2011年就业援助月活...,2010/12/23,http://www.mohrss.gov.cn/jycjs/JIUYEFUWUXILIEHUODON/JYCJjiuyeyuanzhuyue/201012/t20101223_54672.html,1
100000,人社,人力资源社会保障部 中国残疾人联合会关于开展2014年就业援助月专项...,2013/12/16,http://www.mohrss.gov.cn/SYrlzyhshbzb/jiuye/zcwj/jiuyekunnanrenyuan/201312/t20131216_119638.html,1
100000,人社,人力资源社会保障部中国残疾人联合会关于开展2013年就业援助月专项...,2013/1/4,http://www.mohrss.gov.cn/jycjs/JIUYEFUWUXILIEHUODON/JYCJjiuyeyuanzhuyue/201301/t20130104_54683.html,1
100000,人社,人力资源社会保障部办公厅关于做好农村贫困劳动力就业信息平台有关...,2017/1/22,http://www.mohrss.gov.cn/gkml/zcfg/gfxwj/201701/t20170125_265571.html,1
100000,人社,人力资源社会保障部办公厅财政部办公厅关于在就业补助资金使用信息...,2017/12/5,http://www.mohrss.gov.cn/gkml/zcfg/gfxwj/201712/t20171207_283367.html,1
100000,人社,人社部 中国残联在全国组织开展“2015年就业援助月活动”,2015/1/16,http://www.mohrss.gov.cn/jycjs/JYCJSgongzuodongtai/201501/t20150116_149213.html,1
100000,人社,关于全面推进零就业家庭就业援助工作的通知,2007/6/28,http://www.mohrss.gov.cn/gkml/zcfg/gfxwj/201407/t20140717_136575.html,1
100000,人社,关于加强就业援助工作的指导意见,2010/4/29,http://www.mohrss.gov.cn/gkml/zcfg/gfxwj/201407/t20140717_136571.html,1
100000,人社,关于开展东北等困难地区就业援助工作的通知,2016/11/1,http://www.mohrss.gov.cn/gkml/zcfg/gfxwj/201611/t20161108_259011.html,1
100000,人社,关于统筹实施引导高校毕业生到农村基层服务项目工作的通知,2009/4/20,http://www.mohrss.gov.cn/gkml/zcfg/gfxwj/201407/t20140717_136582.html,1
100000,人社,各地积极开展2011年就业援助月活动,2011/7/21,http://www.mohrss.gov.cn/jycjs/JIUYEFUWUXILIEHUODON/JYCJjiuyeyuanzhuyue/201107/t20110721_54676.html,1
100000,人社,就业援助服务规范,2018/2/8,http://www.mohrss.gov.cn/gkml/ghtj/bzhjs/ggjyfwbz/201802/t20180208_288163.html,1
100000,卫生,关于全力做好一线医务人员及其家属保障工作的通知,2020/2/8,http://www.nhc.gov.cn/xcs/zhengcwj/202002/d919a2a8313144b399065e6eb825e9b1.shtml,0
100000,卫生,关于进一步加强社会办医管理做好新冠肺炎疫情防控工作的通知,2020/2/17,http://www.nhc.gov.cn/yzygj/s7655/202002/2728357d4f6c4912baaf27b6302ec232.shtml,0
100000,发改,·关于印发国家非物质文化遗产保护利用设施建设实施方案的通知,2015/6/24,http://www.ndrc.gov.cn/zcfb/zcfbtz/201408/t20140805_621301.html,0
100000,发改,“节能产品惠民工程”节能汽车推广目录(第七批) 2011年第26号公告,2011/10/19,https://www.ndrc.gov.cn/xxgk/zcfb/gg/201110/t20111019_960997.html,0
100000,发改,“节能产品惠民工程”高效电机推广目录(第三批)公告 2011年第16号,2011/8/2,https://www.ndrc.gov.cn/xxgk/zcfb/gg/201108/t20110802_960988.html,0
100000,发改,“节能产品惠民工程”高效节能房间空调器推广目录(第二批) 2009年第6号公告,2009/7/20,https://www.ndrc.gov.cn/xxgk/zcfb/gg/200907/t20090720_961428.html,0
100000,发改,《中华人民共和国价格公报》停办公告,2004/6/29,https://www.ndrc.gov.cn/xxgk/zcfb/qt/200506/t20050614_967643.html,0
100000,发改,《中华人民共和国农业法》 中华人民共和国主席令 第八十一号,2002/12/28,https://www.ndrc.gov.cn/xxgk/zcfb/qt/200506/t20050613_967952.html,0
100000,发改,《中华人民共和国政府信息公开条例》 国务院2007年第492号令,2007/4/30,https://www.ndrc.gov.cn/xxgk/zcfb/qt/200704/t20070430_967713.html,0
100000,发改,《中华人民共和国税收征收管理法实施细则》(中华人民共和国国务院令 第362号),2002/9/7,https://www.ndrc.gov.cn/xxgk/zcfb/qt/200507/t20050706_967938.html,0
100000,发改,《乳制品加工行业准入条件》  2008年第26号公告,2008/3/18,https://www.ndrc.gov.cn/xxgk/zcfb/gg/200803/t20080319_961386.html,0
100000,发改,《农产品进口关税配额管理暂行办法》（中华人民共和国国家发展计划委员会令 第19号）,2002/1/30,https://www.ndrc.gov.cn/xxgk/zcfb/fzggwl/200507/t20050707_960597.html,0
100000,市场监督,·中华人民共和国药品管理法,2020/2/1,http://gkml.samr.gov.cn/nsjg/fgs/201909/t20190917_306828.html,0
100000,市场监督,《中华人民共和国强制检定的工作计量器具检定管理办法》,2019/2/19,http://gkml.samr.gov.cn/nsjg/jls/201902/t20190218_290028.html,0
100000,市场监督,《中华人民共和国食品安全法实施条例》（国务院令第557号） 2009-07-20,NULL,http://gkml.samr.gov.cn/nsjg/tssps/201902/t20190225_291273.html,0
100000,市场监督,《审计署关于内部审计工作的规定》（审计署令第11号） 2019-02-26,NULL,http://gkml.samr.gov.cn/nsjg/kjcws/201902/t20190226_291409.html,0
100000,市场监督,一图读懂 | 市场监管总局办公厅 教育部办公厅关于开展2019年秋季学校食品安...,2019/9/6,http://gkml.samr.gov.cn/nsjg/xwxcs/201909/t20190905_306580.html,0
100000,市场监督,中共中央办公厅印发《关于统筹规范督查检查考核工作的通知》 2019-06-27,NULL,http://gkml.samr.gov.cn/nsjg/zlfzj/201907/t20190712_303390.html,0
100000,市场监督,中华人民共和国乡镇企业法 2019-02-01,NULL,http://gkml.samr.gov.cn/nsjg/fgs/201902/t20190217_289634.html,0
100000,市场监督,中华人民共和国企业法人登记管理条例 2019-02-01,NULL,http://gkml.samr.gov.cn/nsjg/fgs/201902/t20190217_289551.html,0
100000,市场监督,中华人民共和国公司法 2019-02-01,NULL,http://gkml.samr.gov.cn/nsjg/fgs/201902/t20190217_289409.html,0
100000,市场监督,中华人民共和国劳动合同法 2019-02-01,NULL,http://gkml.samr.gov.cn/nsjg/fgs/201902/t20190217_289580.html,0
100000,市场监督,中华人民共和国合伙企业法 2019-02-01,NULL,http://gkml.samr.gov.cn/nsjg/fgs/201902/t20190217_289552.html,0
100000,市场监督,中华人民共和国商标法实施条例 2019-02-01,NULL,http://gkml.samr.gov.cn/nsjg/fgs/201902/t20190217_289546.html,0
100000,市场监督,中华人民共和国广告法 2019-02-01,NULL,http://gkml.samr.gov.cn/nsjg/fgs/201902/t20190217_289380.html,0
100000,市场监督,中华人民共和国标准化法 2019-02-01,NULL,http://gkml.samr.gov.cn/nsjg/fgs/201902/t20190217_289653.html,0
100000,市场监督,中华人民共和国消防法 2019-02-01,NULL,http://gkml.samr.gov.cn/nsjg/fgs/201902/t20190217_289557.html,0
100000,市场监督,中华人民共和国矿产资源法实施细则 2019-02-01,NULL,http://gkml.samr.gov.cn/nsjg/fgs/201902/t20190217_289729.html,0
100000,市场监督,中华人民共和国野生动物保护法 2019-06-25,NULL,http://gkml.samr.gov.cn/nsjg/fgs/201906/t20190625_302768.html,0
100000,市场监督,中央网信办 工业和信息化部 公安部 市场监管总局关于开展App违法违规收集使用个人信息专项治理的公告,2019/2/11,http://gkml.samr.gov.cn/nsjg/bgt/201902/t20190216_288667.html,0
100000,市场监督,产品质量监督抽查管理暂行办法,2019/11/21,http://gkml.samr.gov.cn/nsjg/fgs/201911/t20191126_308823.html,0
100000,市场监督,保健食品原料目录与保健功能目录管理办法,2019/8/2,http://gkml.samr.gov.cn/nsjg/fgs/201908/t20190820_306117.html,0
100000,市场监督,关于2018年度真抓实干成效明显 拟予激励支持地方名单的公示,2019/3/29,http://gkml.samr.gov.cn/nsjg/xyjgs/201903/t20190329_292463.html,0
100000,市场监督,关于印发《原材料工业质量提升三年行动方案(2018-2020年）》的通知 2018-10-16,NULL,http://gkml.samr.gov.cn/nsjg/zlfzj/201902/t20190225_291269.html,0
100000,市场监督,关于推荐全国民族团结进步模范集体和模范个人的公示,2019/7/15,http://gkml.samr.gov.cn/nsjg/rss/201907/t20190715_303444.html,0
100000,市场监督,关于进一步保护未成年人免受电子烟侵害的通告,2019/11/1,http://gkml.samr.gov.cn/nsjg/xyjgs/201911/t20191101_308077.html,0
100000,市场监督,国务院关于经营者集中申报标准的规定 2019-02-01,NULL,http://gkml.samr.gov.cn/nsjg/fgs/201902/t20190217_289600.html,0
100000,市场监督,国务院办公厅关于印发国家标准化体系建设发展规划（2016-2020年）的通知,2015/12/17,http://gkml.samr.gov.cn/nsjg/bzjss/201902/t20190226_291431.html,0
100000,市场监督,国务院办公厅关于大中城市工商行政管理分局执法权限问题的复函 2019-02-01,NULL,http://gkml.samr.gov.cn/nsjg/fgs/201902/t20190217_289725.html,0
100000,市场监督,国务院办公厅关于深入开展全民节能行动的通知 2019-02-01,NULL,http://gkml.samr.gov.cn/nsjg/fgs/201902/t20190217_289568.html,0
100000,市场监督,国务院印发注册资本登记制度改革方案 2019-02-01,NULL,http://gkml.samr.gov.cn/nsjg/fgs/201902/t20190217_289556.html,0
100000,市场监督,国务院食品安全委员会关于印发2019年食品安全重点工作安排的通知,2019/6/14,http://gkml.samr.gov.cn/nsjg/spxts/201906/t20190614_302403.html,0
100000,市场监督,国家工商行政管理总局令第91号 拍卖监督管理办法 2017-09-30,NULL,http://gkml.samr.gov.cn/nsjg/wjs/201905/t20190515_293632.html,0
100000,市场监督,国家市场监督管理总局令第4号《市场监管总局关于修改〈药品广告审查办法〉等三部规章的决定》,2018/12/25,http://gkml.samr.gov.cn/nsjg/bgt/201901/t20190102_279553.html,0
100000,民政,中华人民共和国婚姻法,2007/7/20,http://www.mca.gov.cn/article/gk/fg/shsw/201507/20150715849152.shtml,0
100000,民政,中华人民共和国老年人权益保障法,2019/1/8,http://www.mca.gov.cn/article/gk/fg/ylfw/202002/20200200024078.shtml,0
100000,民政,关于印发《社会团体设立专项基金管理机构暂行规定》的通知（已废止）,2015/7/13,http://www.mca.gov.cn/article/gk/fg/shzzgl/201507/20150715847987.shtml,0
100000,民政,农村五保供养服务机构管理办法,2010/10/29,http://www.mca.gov.cn/article/gk/fg/shjz/201507/20150715848489.shtml,0
100000,民政,慈善组织信息公开办法,2018/8/7,http://www.mca.gov.cn/article/gk/wj/201906/20190600017734.shtml,0
100000,民政,民政部 中国银行业监督管理委员会关于做好慈善信托备案有关工作的通知,2016/8/25,http://www.mca.gov.cn/article/gk/wj/201609/20160915001664.shtml,0
100000,民政,民政部 国家标准委关于印发《养老服务标准体系建设指南》的通知,2017/8/24,http://www.mca.gov.cn/article/gk/wj/201709/20170915006025.shtml,0
100000,民政,民政部 财政部关于印发《中央财政支持开展居家和社区养老服务改革试点工作绩效考核办法》的通知,2017/3/28,http://www.mca.gov.cn/article/gk/wj/201704/20170415004222.shtml,0
100000,民政,民政部关于中国潜水运动协会更名为中国跳水协会的批复,2018/12/11,http://www.mca.gov.cn/article/gk/wj/201901/20190100014299.shtml,0
100000,民政,民政部关于公布第六批国家级烈士纪念设施的通知,2016/9/6,http://www.mca.gov.cn/article/gk/wj/201609/20160915001950.shtml,0
100000,民政,民政部关于开展“寒冬送温暖”专项救助行动的通知,2017/11/30,http://www.mca.gov.cn/article/gk/wj/201711/20171115006625.shtml,0
100000,民政,民政部关于贯彻落实《中共中央 国务院关于加强和完善城乡社区治理的意见》的通知,2017/5/13,http://www.mca.gov.cn/article/gk/wj/201706/20170615004873.shtml,0
100000,民政,民政部办公厅关于印发《2018年中央财政支持社会组织参与社会服务项目实施方案》的通知,2018/2/11,http://www.mca.gov.cn/article/gk/wj/201803/20180315007955.shtml,0
100000,民政,民政部办公厅关于推广使用全国社会组织信息查询平台的通知,2017/11/9,http://www.mca.gov.cn/article/gk/wj/201711/20171115006888.shtml,0
110000,人民政府,关于低保及低收入人员劳动能力鉴定实施办法,2015/8/26,http://www.beijing.gov.cn/zfxxgk/xcq11B006/gfxwj22/2015-08/26/content_21843.shtml,1
110000,人民政府,关于促进城乡劳动力就业工作的意见,NULL,http://www.beijing.gov.cn/zhengce/gfxwj/201905/t20190522_57509.html,1
110000,卫生,关于劳动能力鉴定工作有关问题的通知,2006/3/1,http://wjw.beijing.gov.cn/zwgk_20040/fgwj/gfxwj/201912/t20191216_1239842.html,0
110000,卫生,关于印发《2007年北京市卫生监督工作要点》的通知,2007/3/23,http://wjw.beijing.gov.cn/zwgk_20040/ghjh1/201912/t20191216_1242838.html,0
110000,民政,2011年北京市民政工作折子工程,2012/2/3,http://mzj.beijing.gov.cn/art/2011/3/15/art_5550_1090.html,0
110000,民政,2019年社区党建工作要点,2019/5/7,http://mzj.beijing.gov.cn/art/2019/4/29/art_5550_1410.html,0
110000,民政,以民为本 为民解困 构建和谐共享的民生保障体系,2012/10/11,http://mzj.beijing.gov.cn/art/2012/10/11/art_5550_1140.html,0
110000,民政,关于促进残疾人就业税收优惠政策征管办法的通知的通知,2009/3/19,http://mzj.beijing.gov.cn/art/2007/10/8/art_4492_8996.html,1
110000,民政,关于做好本市农转非水库移民困难家庭社会救助工作的通知,2007/7/16,http://mzj.beijing.gov.cn/art/2007/6/28/art_4492_8304.html,0
110000,民政,关于加快贯彻落实完善农村医疗救助政策的通知,2009/3/19,http://mzj.beijing.gov.cn/art/2007/8/23/art_4492_8308.html,0
110000,民政,关于印发《北京市城乡无丧葬补助居民丧葬补贴办法》的通知,2009/3/19,http://mzj.beijing.gov.cn/art/2009/1/1/art_4492_12030.html,0
110000,民政,关于印发北京市优抚、低保和分散供养特困人员集中供热采暖补助实施细则的通知,2016/1/28,http://mzj.beijing.gov.cn/art/2016/1/28/art_6112_11610.html,0
110000,民政,关于在全市设立“银龄婚姻家庭建设俱乐部”有关工作的通知,2012/1/31,http://mzj.beijing.gov.cn/art/2011/3/8/art_6112_11118.html,0
110000,民政,关于开展城市低保工作督促检查的通知,2007/6/5,http://mzj.beijing.gov.cn/art/2006/6/27/art_6112_11558.html,0
110000,民政,关于申报社区服务体制改革试点单位的通知,2007/6/5,http://mzj.beijing.gov.cn/art/2007/5/24/art_6112_11204.html,0
110000,民政,关于调整完善我市城乡医疗救助制度的意见,2014/8/21,http://mzj.beijing.gov.cn/art/2014/6/24/art_4492_8632.html,0
110000,民政,关于进一步规范和调整街道乡镇敬老院建设资助工作的通知,2011/9/9,http://mzj.beijing.gov.cn/art/2011/4/26/art_4492_9168.html,0
110000,民政,北京市城市居民生活保障制度实施细则,2005/5/9,http://mzj.beijing.gov.cn/art/2000/12/12/art_4492_8332.html,0
110000,民政,北京市民政局2015年法治宣传教育工作要点,2019/5/7,http://mzj.beijing.gov.cn/art/2015/3/31/art_5550_1026.html,0
110000,民政,北京市民政局关于印发《北京市民政局贯彻落实工作方案》的通知,2016/11/24,http://mzj.beijing.gov.cn/art/2016/6/28/art_6112_11054.html,0
110000,民政,北京市民政局转发民政部关于加强农村专业经济协会培育发展和登记管理工作指导意见的通...,2005/5/9,http://mzj.beijing.gov.cn/art/2004/2/6/art_4492_8872.html,0
110000,民政,局宣教处五年来的工作情况和今后五年的工作思路,2012/10/11,http://mzj.beijing.gov.cn/art/2012/10/11/art_5550_1190.html,0
110101,财政,[东财发2018(301号)]《东城区财政借款管理暂行办法》,2018/12/24,http://www.bjdch.gov.cn/n1378419/n2500878/n2500881/c7250575/content.html,0
110101,财政,东城区2018年养老机构“安全生产月”活动方案,2018/6/1,http://www.bjdch.gov.cn/n1684229/n2496215/n2496216/c7635845/content.html,0
110101,财政,东城区2019年社区全响应服务制实施方案（试行）,2019/4/15,http://www.bjdch.gov.cn/n1684229/n2496215/n2496216/c7636128/content.html,0
110101,财政,东城区关于印发《东城区救灾物资储备管理办法》的通知,2016/11/28,http://www.bjdch.gov.cn/n1684229/n2496215/n2496216/c4972746/content.html,0
110101,财政,东城区关于规范老年人信息管理与使用工作的意见,2016/11/25,http://www.bjdch.gov.cn/n1684229/n2496215/n2496216/c4972640/content.html,0
110101,财政,东城区养老机构服务质量整治方案,2017/12/7,http://www.bjdch.gov.cn/n1684229/n2496215/n2496216/c6391127/content.html,0
110101,财政,东城区民政局关于进一步做好“爱心卡”工作的通知,2016/11/7,http://www.bjdch.gov.cn/n1684229/n2496215/n2496216/c4679904/content.html,0
110101,财政,东城区突发事件信息管理办法,2014/7/25,http://www.bjdch.gov.cn/n3952/n3970/n3974/c1511749/content.html,0
110101,财政,东城区预算绩效目标管理办法,2017/10/20,http://www.bjdch.gov.cn/n1378419/n2500878/n2500880/c6043536/content.html,0
110101,财政,中共中央办公厅 国务院办公厅印发《信访工作责任制实施办法》,2017/7/7,http://www.bjdch.gov.cn/n3952/n3970/n3974/c5672815/content.html,0
110101,财政,关于2013年人口和计划生育工作要点的通知,2013/1/10,http://www.bjdch.gov.cn/n3952/n3970/n381754/c993545/content.html,0
110101,财政,关于东城区政府采购协议采购电子竞价系统管理权限变更情况的通知,2017/10/20,http://www.bjdch.gov.cn/n1378419/n2500878/n2500880/c6039393/content.html,0
110101,财政,关于北京市2012年调整企业退休人员基本养老金的通知,2012/3/1,http://www.bjdch.gov.cn/n1685296/n2805150/n2805152/c2805451/content.html,0
110101,财政,关于北京市2016年调整工伤人员和工亡人员供养亲属工伤保险定期待遇的通知,2016/9/9,http://www.bjdch.gov.cn/n1685296/n2805150/n2805152/c4364225/content.html,0
110101,财政,关于医事服务费工伤保险支付标准有关问题的通知,2017/4/1,http://www.bjdch.gov.cn/n1685296/n2805150/n2805152/c5267690/content.html,0
110101,财政,关于印发《东城区党政机关事业单位会议费管理办法》的通知,2018/3/30,http://www.bjdch.gov.cn/n1378419/n2500878/n2500881/c6556523/content.html,0
110101,财政,关于印发《北京市城乡无社会保障老年居民养老保障办法》实施细则的通知,2015/7/16,http://www.bjdch.gov.cn/n1685296/n2805150/n2805152/c2805552/content.html,0
110101,财政,关于印发《北京市工伤保险待遇核定支付办法》的通知,2012/1/19,http://www.bjdch.gov.cn/n1685296/n2805150/n2805152/c2805428/content.html,0
110101,财政,关于印发东城区2013-2017年清洁空气行动计划重点任务分解2015年...,2015/4/9,http://www.bjdch.gov.cn/n3952/n3970/n381754/c1080211/content.html,0
110101,财政,关于印发东城区依法行政考核办法（试行）的通知,2011/1/7,http://www.bjdch.gov.cn/n3952/n3970/n381754/c5198942/content.html,0
110101,财政,关于开展行政规范性文件清理工作的通知,2017/9/29,http://www.bjdch.gov.cn/n3952/n3970/n3974/c5974310/content.html,0
110101,财政,关于本市城镇居民生育医疗费用有关问题的通知,2012/3/23,http://www.bjdch.gov.cn/n1685296/n2805150/n2805152/c2805478/content.html,0
110101,财政,关于第六届北京中医药文化宣传周暨第五届地坛中医药健康文化节活动方案的通知,2013/5/9,http://www.bjdch.gov.cn/n3952/n3970/n381754/c943354/content.html,0
110101,财政,关于调整东城区国民经济和社会发展第十二个五年规划纲要折子工程责任单位的通...,2013/8/13,http://www.bjdch.gov.cn/n3952/n3970/n381754/c942918/content.html,0
110101,财政,关于调整学生儿童大病医疗保险缴费时间的通知,2011/7/26,http://www.bjdch.gov.cn/n1685296/n2805150/n2805152/c2805750/content.html,0
110101,财政,关于贯彻落实《北京市行政处罚听证程序实施办法》有关问题的通知,2020/2/13,http://www.bjdch.gov.cn/n1685296/n2805150/n2805152/c9119528/content.html,0
110101,财政,北京市东城区人民政府  北京市中医管理局关于成立国家中医药发展综合改革试...,2010/6/3,http://www.bjdch.gov.cn/n3952/n3970/n381754/c5441467/content.html,0
110101,财政,北京市东城区人民政府关于2009-2011年度东城区科学技术奖励的决定,2012/12/28,http://www.bjdch.gov.cn/n3952/n3970/n381754/c5442988/content.html,0
110101,财政,北京市东城区人民政府关于东城区文化活动中心建设工程项目房屋征收补偿方案征...,2013/10/8,http://www.bjdch.gov.cn/n3952/n3970/n381754/c5444029/content.html,0
110101,财政,北京市东城区人民政府关于公布东城区行政处罚权力清单的通知,2015/6/11,http://www.bjdch.gov.cn/n3952/n3970/n381754/c5443331/content.html,0
110101,财政,北京市东城区人民政府关于南中轴路周边棚户区改造项目范围内房屋征收的决定,2016/12/16,http://www.bjdch.gov.cn/n3952/n3970/n381754/c4920354/content.html,0
110101,财政,北京市东城区人民政府关于印发《东城区公共安全监管工作管理办法（试行）》的...,2010/4/7,http://www.bjdch.gov.cn/n3952/n3970/n3974/c1174646/content.html,0
110101,财政,北京市东城区人民政府关于印发《东城区空气重污染应急预案（2018年修订）...,2018/10/29,http://www.bjdch.gov.cn/n3952/n3970/n3974/c7189289/content.html,0
110101,财政,北京市东城区人民政府关于印发《关于做好东城区当前和今后一个时期促进就业工...,2019/11/26,http://www.bjdch.gov.cn/n3952/n3970/n381754/c8249337/content.html,0
110101,财政,北京市东城区人民政府关于印发2015年东城区政府折子工程的通知,2015/3/2,http://www.bjdch.gov.cn/n3952/n3970/n381754/c5441676/content.html,0
110101,财政,北京市东城区人民政府关于印发东城区2013-2017年清洁空气行动计划重...,2016/5/6,http://www.bjdch.gov.cn/n3952/n3970/n381754/c3952651/content.html,0
110101,财政,北京市东城区人民政府关于印发东城区促进二四三产业发展办法的通知东政发〔2...,2014/7/3,http://www.bjdch.gov.cn/n3952/n3970/n3974/c940189/content.html,0
110101,财政,北京市东城区人民政府关于印发东城区关于进一步完善义务教育经费保障机制实施...,2016/7/22,http://www.bjdch.gov.cn/n3952/n3970/n381754/c4246293/content.html,0
110101,财政,北京市东城区人民政府关于印发东城区加快转型升级加强税源建设办法的通知,2017/10/20,http://www.bjdch.gov.cn/n1378419/n2500878/n2500880/c6042511/content.html,0
110108,人民政府,对城镇就业困难人员自谋职业（自主创业）、灵活就业的给予社会保险补贴初审,2017/12/25,http://www.bjhd.gov.cn/zfxxgk/auto4496_51791/201810/t20181003_3487911.shtml,1
120000,人民政府,市人社局关于印发《天津市就业困难人员认定办法（试行）》的通知,2020/1/10,http://gk.tj.gov.cn/gkml/00012568x/202001/t20200113_86501.shtml,1
120116,民政,??关于印发《2019年滨海新区民政局安全生产工作要点》的通知,2019/3/22,http://mzj.tjbh.gov.cn/contents/75/265804.html,0
120116,民政,进一步规范滨海新区特困人员丧葬补贴政策 的政策解读,2019/6/28,http://mzj.tjbh.gov.cn/contents/75/274797.html,0
130000,人社,关于印发《2018年就业援助月专项活动实施方案》的通知,2018/1/5,http://rst.hebei.gov.cn/a/tongzhi/2018/0105/5652.html,1
130000,民政,河北省民政厅 河北省住房和城乡建设厅关于开展城市社区协商共治工作的指导意见,2018/8/30,http://minzheng.hebei.gov.cn:8086/wz/news_details.jsp?id=331,0
130200,民政,关于做好城镇困难居民参加城镇居民基本医疗保险有关工作的通知,2016/7/5,http://minzhengju.tangshan.gov.cn/minzhengju/mzj_shjz1/20160705/343760.html,0
130200,民政,因灾倒塌、损坏住房恢复重建补助资金管理工作规程,2016/7/7,http://minzhengju.tangshan.gov.cn/minzhengju/mzj_fzjz/20160707/344087.html,0
130200,民政,河北省社会团体登记管理办法,2017/7/11,http://minzhengju.tangshan.gov.cn/minzhengju/mzj_mjzzglss/20160708/344437.html,0
130500,市场监督,关于印发《2018年保健食品化妆品监督检查工作计划》的通知,2018/3/30,http://scjg.xingtai.gov.cn/article-view-id-3348.html,0
130500,市场监督,关于印发《邢台市2016年药品生产环节日常监管工作计划》的通知,2016/2/26,http://scjg.xingtai.gov.cn/article-view-id-3444.html,0
130500,市场监督,邢台市市场监督管理局2019年度政府信息公开年度报告,2020/1/23,http://scjg.xingtai.gov.cn/article-view-id-4053.html,0
130500,市场监督,邢台市市场监督管理局食品安全检（监）测能力建设项目遴选结算审计中介机构结果公告,2019/12/6,http://scjg.xingtai.gov.cn/article-view-id-3901.html,0
130600,人民政府,保定市人民政府关于2015年度秸秆禁烧工作的通告,2015/7/3,http://www.bd.gov.cn/content-402-76962.html,1
130600,人民政府,保定市人民政府关于2017年保定市主城区供热改造的通告,2017/9/29,http://www.bd.gov.cn/xxgkcontent-888888015-133284-10.html,0
130600,人民政府,保定市人民政府关于公布风云雷雨山川坛遗址为不可移动文物点的通知,2014/6/30,http://www.bd.gov.cn/content-402-37683.html,0
130600,人民政府,保定市人民政府关于北部新城保障性住房配套市政道路工程征地拆迁通告,2015/12/3,http://www.bd.gov.cn/content-402-88201.html,0
130600,人民政府,保定市人民政府关于印发《保定市市区城市供水用水管理办法》的通知,2014/8/20,http://www.bd.gov.cn/content-402-41671.html,0
130700,人民政府,关于进一步做好就业扶贫工作实施意见,2018/7/10,http://www.zjk.gov.cn/govaffair/content.jsp?code=00091673X/2018-00111&name=%E6%94%BF%E7%AD%96%E6%B3%95%E8%A7%84%2F%E8%A7%84%E8%8C%83%E6%80%A7%E6%96%87%E4%BB%B6,1
130700,人民政府,加快扶贫车间建设促就业实施意见17694956922261510,2019/2/2,http://www.zjk.gov.cn/govaffair/content.jsp?code=rsj/1557796326661-ref-ref&name=%E6%94%BF%E7%AD%96%E6%B3%95%E8%A7%84%2F%E8%A7%84%E8%8C%83%E6%80%A7%E6%96%87%E4%BB%B6,1
130700,人社,关于举办春风行动暨就业援助月网上招聘周活动的通告,2020/2/17,http://rsj.zjk.gov.cn/zjkrsj/tzgg/20200217/502.html,1
130800,人社,关于全面推进零就业家庭就业援助工作的通知,2007/7/20,http://rsj.chengde.gov.cn/art/2007/7/20/art_2829_142397.html,1
130800,人社,关于开展迎国庆就业援助进家入户专项活动的通知（人社部明电[2009]...,2009/8/28,http://rsj.chengde.gov.cn/art/2009/8/28/art_2829_142356.html,1
130800,人社,承德市2007年就业再就业援助工程实施方案的通知,2007/6/20,http://rsj.chengde.gov.cn/art/2007/6/20/art_2829_142119.html,1
130800,人社,河北省关于开展迎国庆就业援助进家入户专项活动的通知,2009/8/28,http://rsj.chengde.gov.cn/art/2009/8/28/art_2829_142355.html,1
130900,民政,国务院办公厅关于印发国家综合防灾减灾规划（2011－2015年）的通知,2012/1/4,http://mzj.cangzhou.gov.cn/zcfg/jzjj/136766.shtml,0
130900,民政,河北省减灾委员会关于加强城乡社区综合减灾工作的实施意见,2012/1/4,http://mzj.cangzhou.gov.cn/zcfg/jzjj/136767.shtml,0
131000,人民政府,廊坊市技术转移体系建设实施方案,2018/7/11,http://zfxxgk.lf.gov.cn/index.do?templet=contentx&id=%7BAC100113-FFFF-FFFF-85E2-BD950000000A%7D&cid=99%20314,0
131000,人民政府,廊坊市教育局廊坊市财政局关于印发《廊坊市普惠性民办...,2018/4/20,http://zfxxgk.lf.gov.cn/index.do?templet=contentx&id=%7BAC100113-0000-0000-1B85-0CEEFFFFFF81%7D&cid=31%20277,0
131000,卫生,商洛市2011年以工代赈工作要点,2011/7/4,,1
131100,人民政府,(2019-17号）关于印发《武邑县加大农村贫困劳动力精准...,2019/5/30,http://xxgk.hengshui.gov.cn/eportal/ui?pageId=2312805&articleKey=2458501&columnId=795466,1
131100,人民政府,关于进一步做好就业扶贫工作的实施意见,2018/9/14,http://xxgk.hengshui.gov.cn/eportal/ui?pageId=2312805&articleKey=2394176&columnId=796452,1
131100,发改,关于下达2017年文化旅游提升工程实施方案中央预算内投资计划的通知,2017/5/18,http://fgw.hengshui.gov.cn/art/2017/5/18/art_2500_51553.html,0
131100,发改,关于做好我市2019年电力直接交易市场成员申报工作的紧急通知,2019/3/8,http://fgw.hengshui.gov.cn/art/2019/3/8/art_2500_140064.html,0
131100,发改,关于公示河北南网2018年电力直接交易准入企业名单的通告,2018/7/25,http://fgw.hengshui.gov.cn/art/2018/7/25/art_2500_51213.html,0
131100,发改,关于分解下达公共体育普及工程2018年中央预算内投资计划的通知,2018/2/24,http://fgw.hengshui.gov.cn/art/2018/2/24/art_2500_51188.html,0
131100,发改,关于制定阜城县职业学校枣强县职教中心住宿费试行标准的通知,2019/7/31,http://fgw.hengshui.gov.cn/art/2019/7/31/art_2500_163159.html,0
131100,发改,关于印发《关于贯彻落实降费工作方案》的通知,2019/6/4,http://fgw.hengshui.gov.cn/art/2019/6/4/art_2500_150997.html,0
131100,发改,关于印发《衡水市全市性行业协会商会行业公共信息平台建设指导意见（试行...,2017/6/30,http://fgw.hengshui.gov.cn/art/2017/6/30/art_2500_51150.html,0
131100,发改,关于印发《衡水市战略性新兴产业专项资金管理办法》的通知,2019/3/15,http://fgw.hengshui.gov.cn/art/2019/3/15/art_2500_141028.html,0
131100,发改,关于发布2018年市双创示范基地名单的通知,2018/11/29,http://fgw.hengshui.gov.cn/art/2018/11/29/art_2500_125615.html,0
131100,发改,关于取消衡水市公共资源交易信息平台电子招标项目招标文件费用的通知,2017/12/21,http://fgw.hengshui.gov.cn/art/2017/12/21/art_2500_51169.html,0
131100,发改,关于开展我市股权与创业投资基金规范运作风险排查工作的通知,2016/7/5,http://fgw.hengshui.gov.cn/art/2016/7/5/art_2500_51525.html,0
131100,发改,关于征求《衡水市市级储备粮管理办法（征求意见稿）》修改意见的函,2020/2/25,http://fgw.hengshui.gov.cn/art/2020/2/25/art_2500_213598.html,0
131100,发改,关于组织申报电动汽车充电基础设施建设专项补贴资金的通知,2019/3/8,http://fgw.hengshui.gov.cn/art/2019/3/8/art_2500_140069.html,0
131100,发改,关于衡水市拟申报国家“十三五”民政和残疾人服务体系专项建设规划储备项...,2016/8/29,http://fgw.hengshui.gov.cn/art/2016/8/29/art_2500_51526.html,0
131100,发改,关于转发《关于对2018-2020年光伏发电项目建设规模进行摸底工作...,2017/11/27,http://fgw.hengshui.gov.cn/art/2017/11/27/art_2500_51164.html,0
131100,发改,关于转发《关于组织推荐省“双创”示范基地的通知》的通知,2017/5/27,http://fgw.hengshui.gov.cn/art/2017/5/27/art_2500_51557.html,0
131100,发改,关于转发《河北省发展和改革委员会关于公布2019年河北省政府定价经营...,2020/1/6,http://fgw.hengshui.gov.cn/art/2020/1/6/art_2500_204251.html,0
131100,发改,关于转发《河北省招标公告和公示信息发布管理办法》的通知,2018/4/4,http://fgw.hengshui.gov.cn/art/2018/4/4/art_2500_51204.html,0
131100,发改,关于转发《省发改委关于转发的通知》的通知,2018/1/30,http://fgw.hengshui.gov.cn/art/2018/1/30/art_2500_51179.html,0
140000,人民政府,山西省人民政府办公厅关于进一步做好农村贫困劳动力转移就业扶贫工作的意见,2017/4/18,http://www.shanxi.gov.cn/sxszfxxgk/sxsrmzfzcbm/sxszfbgt/flfg_7203/bgtgfxwj_7206/201704/t20170420_295744.shtml,1
140000,市场监督,"关于2018年推进法治建设情况的报告""""""""",NULL,https://yjj.shanxi.gov.cn/article/HJvX1W2HEAYnGnwAx9Z1y2.htm?index=11,0
140000,市场监督,"关于印发《药品经营企业GSP跟踪检查方案》的通知""""""""",NULL,https://yjj.shanxi.gov.cn/article/F7yvp1o2XZEnsY5ACj3b9s.htm?index=18,0
140000,市场监督,"关于启用内设机构印章的通知""""""""",NULL,https://yjj.shanxi.gov.cn/article/vtnoXQRGD8svh4YhyRojT.htm?index=8,0
140000,市场监督,"关于确定参与外科手术用防粘连冲洗液重点监测项目医疗机构名单的通知""""""""",NULL,https://yjj.shanxi.gov.cn/article/J8hsW9PcFpv55Hw1L8Ymbr.htm?index=8,0
140000,市场监督,《中华人民共和国行政许可法》（主席令第7号）,NULL,https://yjj.shanxi.gov.cn/article/KUcXdj3Nhs2r9XPWZNxs4W.htm?index=14,0
140000,市场监督,《山西省重大行政执法决定法制审核办法》,NULL,https://yjj.shanxi.gov.cn/article/5c7zawqqaZt9QatHoQwigv.htm?index=2,0
140000,市场监督,山西省药品监督管理局 关于举办全省药品检验质量管理暨化妆品检验技术 培训班的通知,NULL,https://yjj.shanxi.gov.cn/article/2V1kmtT7Hn3VuJSctDPPvr.htm?index=5,0
140000,市场监督,山西省药品监督管理局办公室 关于印发《2019年“12·4”国家宪法日宣传周 系列活动实施方案》的通知,NULL,https://yjj.shanxi.gov.cn/article/Xq6HQiBhzqeosRnj2R8xR9.htm?index=3,0
140000,民政,关于在深度贫困县开展农村转移劳动力养老护理岗位免费培训的通知,2017/8/25,http://mzt.shanxi.gov.cn/newsshow/3308.html,1
140000,民政,山西省人民政府关于印发山西省“十三五”老龄事业发展规划的通知,2017/8/16,http://mzt.shanxi.gov.cn/newsshow/3248.html,0
140000,民政,山西省民政厅关于进一步加强养老机构疫情防控措施的通知,2020/1/30,http://mzt.shanxi.gov.cn/newsshow/8318.html,0
140100,人民政府,太原市人民政府办公厅转发市劳动保障局关于对零就业家庭实行就业援助的实施意见的通知,NULL,http://www.taiyuan.gov.cn/doc/2006/05/11/157184.shtml,1
140100,人民政府,太原市就业困难人员从事灵活就业享受社会保险补贴办法（试行）,2018/11/7,http://www.taiyuan.gov.cn/doc/2018/11/07/909472.shtml,1
140100,人社,太原市人力资源和社会保障局太 原 市 残 疾 人 联 合 会关于开展2018年就业援助月专项...,2018/3/22,http://rsj.taiyuan.gov.cn/doc/2018/03/22/362718.shtml,1
140100,民政,2018年太原市公开招聘社区专职社工人员拟录用人员公示,2018/5/29,http://mzj.taiyuan.gov.cn/doc/2018/05/29/513095.shtml,0
140100,民政,太原市慈善总会关于接收新型肺炎疫情防控捐赠款（物）的公示（三）,2020/2/18,http://mzj.taiyuan.gov.cn/doc/2020/02/18/957293.shtml,0
140300,人民政府,关于进一步促进就业扶贫工作的实施意见,2018/8/13,http://xxgk.yq.gov.cn/zfbgt/fgwj/gfxwj/201808/t20180813_757902.shtml,1
140300,人社,人力资源社会保障部关于印发《支持海南人力资源和社会保障事业全面深化改...,2018/12/20,http://rsj.yq.gov.cn/fgwj/shbz/201812/t20181220_816223.html,0
140300,人社,关于印发《阳泉市城乡居民医疗保险政策待遇及管理服务实施细则（试行）》...,2018/1/12,http://rsj.yq.gov.cn/fgwj/shbz/201801/t20180112_602895.html,0
140300,人社,关于转发山西省城镇职工生育保险办法的通知,2018/8/8,http://rsj.yq.gov.cn/fgwj/shbz/201808/t20180808_749494.html,0
140300,人社,晋城市规范企业养老保险待遇发放数据向银行传送方式工作走在全省前列,2019/2/13,http://rsj.yq.gov.cn/fgwj/shbz/201902/t20190213_835874.html,0
140300,民政,关于进一步规范我省行业协会商会收费管理的通知,2018/3/2,http://mzj.yq.gov.cn/zcfg/201803/t20180302_670013.html,0
140300,民政,民政部 中央编办 财政部 人力资源和社会保障部 关于积极推行政府购买服务 加强基层社会救助经办服务能力的意见,2017/10/27,http://mzj.yq.gov.cn/zcfg/201710/t20171027_594863.html,0
140500,民政,体育类民办非企业单位登记审查与管理暂行办法,2010/10/14,http://mzj.jcgov.gov.cn/xxgk/zcfg/zh/201010/t20101014_486830.html,0
140600,财政,关于修订印发《政府综合财务报告编制操作指南（试行）》的通知,2020/1/8,http://czj.shuozhou.gov.cn/zfxf/202001/t20200108_268903.html,0
140600,财政,关于做好2018年贫困县涉农资金整合试点工作的通知,2018/4/11,http://czj.shuozhou.gov.cn/zfxf/201804/t20180411_184437.html,0
140700,市场监督,关于下达第二批采购乡镇卫生院医疗设备的通知,2010/4/2,http://sxjz.gov.cn/publicity/zfwj/19181,0
140700,市场监督,关于严格规范、认真清理供销社基层农资经营门店乱挂靠、乱挂钩行为的通知,2007/4/4,http://sxjz.gov.cn/publicity/zfwj/31089,0
140700,市场监督,关于中凯集团灵石热电有限公司2×12MW热电联供项目上网电价的请示,2008/9/27,http://sxjz.gov.cn/publicity/zfwj/32533,0
140700,市场监督,关于举办2010年社区护士岗位培训班的通知,2010/6/22,http://sxjz.gov.cn/publicity/zfwj/19174,0
140700,市场监督,关于介休市同文中学有关收费问题的通知,2010/11/5,http://sxjz.gov.cn/publicity/zfwj/19457,0
140700,市场监督,关于价格信访举报有关情况的报告,2008/9/17,http://sxjz.gov.cn/publicity/zfwj/31593,0
140700,市场监督,关于企业重组业务企业所得税处理若干问题的通知,2009/5/12,http://sxjz.gov.cn/publicity/zfwj/33949,0
140700,市场监督,关于修订《机关考勤管理制度》的通知,2014/12/3,http://sxjz.gov.cn/publicity/zfwj/26785,0
141000,财政,临汾市人民政府办公厅关于印发临汾市建档立卡农村贫困劳动力免费职业培训实施方案的通知,2017/6/23,http://www.linfen.gov.cn/contents/256/47726.html,1
150300,人民政府,《关于进一步做好刑释解教人员安置就业和社会保障工作的意见》出台,2004/3/30,http://www.wuhai.gov.cn/wuhai/zwgk/jbxxgk/flfg/436081/index.html,1
150300,民政,乌海市促进有劳动能力低保对象就业办法,2014/1/20,http://mzj.wuhai.gov.cn/mzj/250099/zcfg38/532260/index.html,1
150300,财政,关于印发《就业补助资金管理办法》的通知,2017/11/14,http://czj.wuhai.gov.cn/2017/11/14/%e5%85%b3%e4%ba%8e%e5%8d%b0%e5%8f%91%e3%80%8a%e5%b0%b1%e4%b8%9a%e8%a1%a5%e5%8a%a9%e8%b5%84%e9%87%91%e7%ae%a1%e7%90%86%e5%8a%9e%e6%b3%95%e3%80%8b%e7%9a%84%e9%80%9a%e7%9f%a5/,1
152200,民政,关于加强和完善城乡社区治理的实施意见,2019/1/1,http://mz.xam.gov.cn/mzj/1019465/1019483/mzwj/2735454/index.html,0
152200,民政,兴安盟人社局2017年度政府信息公开工作年度...,2018/4/23,http://www.xam.gov.cn/xam/_300473/_300600/bm71/mrsj30/1804549/index.html,0
152500,民政,锡林郭勒盟促进成年孤儿就业创业的实施意见,2016/8/12,http://mzj.xlgl.gov.cn/zwgk/zcfg/201606/t20160628_1619088.html,1
210100,人社,沈阳市人力资源和社会保障局 沈阳市残疾人联合会关于开展2019年就业援助月专项活动的通知,2019/1/4,http://rsj.shenyang.gov.cn/releaseCms/dynamicArticle.do?siteCode=SYRSJ&selfSiteSiteId=152645804931057&columnLogicId=152645804931071&navigationSiteId=152645804931057&isWap=0&logicId=157614200832457,1
210300,人民政府,鞍山市人民政府办公厅关于加强城市低保对象管理促进就业工作的意见,2009/3/25,http://www.anshan.gov.cn/html/ASSZF/200903/0156881169063371.html,1
210500,人社,本溪市人民政府办公厅关于进一步做好棚户区改造回迁居民就业援助工作的实施意见,2019/11/5,http://rsj.benxi.gov.cn/publicity/ywgz/pgzjy/77189,1
210500,民政,关于对市人大第十六届二次会议 《关于调整低保户及低保边缘户参加公益性岗位条件（待遇）的建议》（第2058号） 办理情况的答复,2019/5/27,http://mzj.benxi.gov.cn/publicity/ywgz/jytabl/srdjy/2019njy/71516,1
211100,人社,2014年盘锦市灵活就业人员、个体从业人员养老保险缴费标准,2015/3/17,http://rsj.panjin.gov.cn/art/2015/3/17/art_4435_431972.html,0
211100,人社,中共中央、国务院关于进一步加强农村卫生工作的决定,2007/12/31,http://rsj.panjin.gov.cn/art/2007/12/31/art_4435_432391.html,0
211100,人社,企业年金办法,2018/9/21,http://rsj.panjin.gov.cn/art/2018/9/21/art_4435_432149.html,0
211100,人社,关于2012年调整企业退休人员基本养老金的通知　辽人社发[2012]1...,2012/4/25,http://rsj.panjin.gov.cn/art/2012/4/25/art_4435_432087.html,0
211100,人社,关于企业离休人员补贴纳入基本养老保险社会统筹基金发放的通知,2012/2/29,http://rsj.panjin.gov.cn/art/2012/2/29/art_4435_431985.html,0
220100,民政,长春市康宁医院公益性岗位人员招聘公告,2019/11/25,http://mzj.changchun.gov.cn/zwdt/tzgg/201911/t20191125_2047124.html,1
220600,人社,关于做好疫情防控期间就业服务和就业援助工作的通知,2020/2/25,http://hrss.cbs.gov.cn/gzdt/tzgg/202002/t20200225_589000.html,1
220800,人社,关于印发《白城市2016年就业援助月专项活动实施方案》的通知,2016/1/4,http://hrss.jlbc.gov.cn/zcfg/dfzcfg/201601/t20160104_702669.html,1
230000,民政,佳木斯市：突出“快、准、实、严”确保疫情防控困难群众得到及时救助,NULL,http://mzt.hlj.gov.cn/919/32202.html,0
230000,民政,全省性基金会名录,2017/5/23,http://mzt.hlj.gov.cn/931/24658.html,0
230300,人民政府,黑龙江省就业补助资金管理和使用实施办法,2019/4/11,http://2015.jixi.gov.cn/szf/jgsz/gxw_946/zwxxgk_3067/zcfg_3070/201904/t20190411_114870.html,1
310000,人社,上海市人力资源和社会保障局关于2009年加强就业援助稳定就业局势的若干意见,2009/2/23,http://rsj.sh.gov.cn/201712333/xxgk/flfg/gfxwj/jygl/01/201711/t20171103_1268777.shtml,1
310000,人社,关于2009年加强就业援助稳定就业局势的若干意见,2009/2/23,http://rsj.sh.gov.cn/201712333/xxgk/flfg/gfxwj/jygl/01/201711/t20171103_1268775.shtml,1
310000,人社,关于进一步做好本市就业援助工作的若干意见,2016/12/23,http://rsj.sh.gov.cn/201712333/xxgk/flfg/gfxwj/jygl/01/201711/t20171103_1268783.shtml,1
310000,人社,市政府办公厅同意《关于进一步做好本市就业援助工作的若干意见》的通知,2016/12/12,http://rsj.sh.gov.cn/201712333/xxgk/flfg/szfgz/01/201711/t20171103_1269840.shtml,1
310000,民政,关于对低保家庭成员就业后实施“救助渐退”有关事项的通知,2003/12/18,http://mzj.sh.gov.cn/gb/shmzj/node8/node15/node55/n2739/u1ai47237.html,1
310000,民政,关于对本市福利企业实施残疾人集中就业社会保险费补贴的通知,2014/7/4,http://mzj.sh.gov.cn/gb/shmzj/node8/node15/node55/n2739/u1ai47042.html,1
310000,民政,关于调整提高本市城镇低保家庭中有劳动收入人员就业补贴标准的通知,2014/4/8,http://mzj.sh.gov.cn/gb/shmzj/node8/node15/node55/node229/node277/u1ai37463.html,1
310000,民政,关于调整本市申请社会救助家庭就业人员收入豁免标准的通知,2016/4/22,http://mzj.sh.gov.cn/gb/shmzj/node8/node15/node55/node229/node277/u1ai42428.html,1
310000,民政,关于适当调整低保家庭成员就业后“救助渐退”照顾时间有关事项的通知,2003/3/31,http://mzj.sh.gov.cn/gb/shmzj/node8/node15/node55/n2739/u1ai47238.html,1
310000,财政,关于调整提高本市城镇低保家庭中有劳动收入人员就业补贴标准的通知,2011/4/1,https://www.czj.sh.gov.cn/zys_8908/zcfg_8983/zcfb_8985/shbz_9024/201509/t20150916_156431.shtml,1
310105,人社,关于对本市就业特困人员开展就业援助若干意见的通知,2007/8/31,http://www.shcn.gov.cn/art/2007/8/31/art_7458_481907.html,1
310105,人社,关于进一步完善就业援助基地和就业困难人员补贴的实施意见,2011/11/10,http://www.shcn.gov.cn/art/2011/11/10/art_7458_481932.html,1
310107,人社,关于将低保家庭中有劳动收入人员基本生...,2004/12/20,http://www.shpt.gov.cn/shpt/gkmzj-fawen/20170613/220464.html,1
310118,发改,2019年5月青浦区职业技能培训招生信息,2019/5/15,http://www.shqp.gov.cn/shqp/zwgk/shgy/jye/20191009/566335.html,0
310118,发改,2019第215号国有建设用地使用权出让公告交易结果公示,2020/1/9,http://www.shqp.gov.cn/shqp/zwgk/ggzy/gytd/20200212/626617.html,0
310118,发改,上海市青浦区人民政府关于同意 《青浦区白鹤镇郊野单元（村庄）规划（2017-2035）》的批复,2020/1/7,http://www.shqp.gov.cn/shqp/zwgk/zfgb/2019/12/20200117/623932.html,0
310118,发改,上海市青浦区华新镇社区卫生服务中心2018年度决算,2019/9/10,http://www.shqp.gov.cn/shqp/zwgk/ggzj/yjs/zf/wjw/hx/20191018/575061.html,0
310118,发改,上海市青浦区徐泾镇社区卫生服务中心2018年度决算公开,2019/10/21,http://www.shqp.gov.cn/shqp/zwgk/ggzj/yjs/zf/wjw/xj/20200123/624884.html,0
310118,发改,上海市青浦区河湖事务管理中心2020年度单位预算,2020/2/3,http://www.shqp.gov.cn/shqp/zwgk/ggzj/yjs/zf/swj/hg/20200205/625418.html,0
310118,发改,上海市青浦区爱国卫生事务所2018年度决算公开,2019/10/21,http://www.shqp.gov.cn/shqp/zwgk/ggzj/yjs/zf/wjw/agws/20200120/624553.html,0
310118,发改,中共青浦区城市管理行政执法局机关总支部委员会、机关支部委员会、机动中队支部委员会关于新一届委员会书记、委员候选人预备人选的请示,2019/12/26,http://www.shqp.gov.cn/shqp/zwgk/zxgk/20191231/619481.html,0
310118,发改,关于上海市青浦区土地储备中心收购储备新城一站基地秀泉路南侧60A-05A地块征询规划意见的复函,2019/6/17,http://www.shqp.gov.cn/shqp/zwgk/zxgk/20191205/609631.html,0
310118,发改,关于上海市青浦区土地储备中心收购储备青浦工业园区天瑞路北侧I-11-04（1）地块征询规划意见的复函,2019/12/4,http://www.shqp.gov.cn/shqp/zwgk/zxgk/20191206/610839.html,0
320000,医保管理,江苏省工业和信息化厅 江苏省人力资源和社会保障厅 关于公布省石油化工工...,2020/1/16,http://jsrlzyshbz.jiangsu.gov.cn/art/2020/1/16/art_51036_8945017.html,0
320000,医保管理,省人力资源社会保障厅 省职称办 关于公布江苏省泰州市建设工程高级专业技...,2020/1/15,http://jsrlzyshbz.jiangsu.gov.cn/art/2020/1/15/art_51036_8910710.html,0
320000,医管,江苏省医院协会关于印发《江苏省医院人力资源管理指南》的通知,2015/11/19,http://www.jsyxh.org/default.php?mod=article&do=detail&tid=994470,0
320000,医管,江苏省医院协会关于印发等级医院评审与复核评价咨询服务实施方案的通知,2014/3/10,http://www.jsyxh.org/default.php?mod=article&do=detail&tid=994458,0
320200,人社,“锡引”工程大学生租房、购房、生活补贴 发放名单公示（8月份）,2019/9/25,http://hrss.wuxi.gov.cn/doc/2019/09/25/2663683.shtml,0
320200,人社,2017年度先进制造技能领军人才入围人选公示,2017/12/8,http://hrss.wuxi.gov.cn/doc/2017/12/08/1656048.shtml,0
320200,人社,2018年度无锡市柔性引进外国专家、海外智力申报公告,2018/7/4,http://hrss.wuxi.gov.cn/doc/2018/07/04/1878602.shtml,0
320200,人社,2020年3月江苏省职业资格统一鉴定无锡考区鉴定公告,2019/12/27,http://hrss.wuxi.gov.cn/doc/2019/12/27/2742413.shtml,0
320200,人社,关于下达2017年度留学人员项目资助经费的通知,2017/12/26,http://hrss.wuxi.gov.cn/doc/2017/12/26/1699402.shtml,0
320200,人社,关于实施失业保险支持参保职工提升职业技能的通告,2017/12/12,http://hrss.wuxi.gov.cn/doc/2017/12/12/1658431.shtml,0
320200,人社,关于申报2018年度《江苏省海外高层次人才居住证》个人所得税奖励的通知,2018/4/2,http://hrss.wuxi.gov.cn/doc/2018/04/02/1789736.shtml,0
320200,人社,关于选拔我市参加第四届江苏技能状元 大赛（紫砂陶制作项目）参赛选手的公告,2018/9/30,http://hrss.wuxi.gov.cn/doc/2018/09/30/2033864.shtml,0
320200,人社,拟对在2013-2016年度全市社会治安综合治理工作中表现突出的集体和个人记功嘉奖的公示,2017/11/13,http://hrss.wuxi.gov.cn/doc/2017/11/13/1591530.shtml,0
320200,人社,无锡市毕业生就业见习补贴发放名单公示 (第四十三期),2019/5/20,http://hrss.wuxi.gov.cn/doc/2019/05/20/2511620.shtml,0
320400,民政,《关于提取住房公积金用于偿还住房贷款的具体规定》政策解读,2012/8/31,http://www.changzhou.gov.cn/gi_news/958135959591915,0
320400,民政,11月份常州PPI同比涨幅创年内新低,2019/1/30,http://www.changzhou.gov.cn/gi_news/489154883160823,0
320700,财政,中华人民共和国政府采购法,2012/5/30,http://czj.lyg.gov.cn/lygsczj/gfxwj/content/czj_13036.html,0
320700,财政,中华人民共和国财政部令第64号——资产评估机构审批和监督管理办法,2012/5/30,http://czj.lyg.gov.cn/lygsczj/gfxwj/content/czj_13042.html,0
320700,财政,关于下达连云港市2011年“菜篮子”生产基地项目补助资金的通知,2012/6/4,http://czj.lyg.gov.cn/lygsczj/bmwj/content/czj_13116.html,0
320700,财政,关于修订2008年行政事业单位会计报表格式的通知,2012/12/5,http://czj.lyg.gov.cn/lygsczj/gfxwj/content/czj_13064.html,0
320700,财政,关于印发《市2012年党风廉政建设工作财政部门责任分解意见》的通知,2012/5/17,http://czj.lyg.gov.cn/lygsczj/bmwj/content/czj_13109.html,0
320700,财政,关于印发《连云港市市级生态文明建设专项资金和项目管理办法（暂行）》的通知,2018/11/29,http://czj.lyg.gov.cn/lygsczj/gfxwj/content/czj_66233.html,0
320700,财政,关于印发《连云港市财政局2019年法治工作要点》的通知,2019/4/16,http://czj.lyg.gov.cn/lygsczj/bmwj/content/czj_70235.html,0
330000,卫生,2015年浙江省卫生计生委关于命名浙江省卫生应急工作示范县（市、区）的...,2015/12/30,http://www.zjwjw.gov.cn/art/2015/12/30/art_1202101_854253.html,0
330000,卫生,2016年度省有突出贡献中青年专家拟推荐人选公示,2016/5/13,http://www.zjwjw.gov.cn/art/2016/5/13/art_1202101_1309094.html,0
330400,人社,2007年度嘉兴市区贫困家庭大中专毕业生就业援助对象个人申报和单位需求申报公告,2007/4/4,http://rlsbj.jiaxing.gov.cn/art/2007/4/4/art_1228938140_39717612.html,1
330400,人社,关于开展2013年度困难家庭大中专毕业生就业援助工作的通知,2013/3/27,http://rlsbj.jiaxing.gov.cn/art/2013/3/27/art_1228938141_39663922.html,1
330400,民政,中共嘉兴市委嘉兴市人民政府关于进一步做好下岗失业人员再就业工作的若干意见,2014/4/14,http://mzj.jiaxing.gov.cn/art/2014/4/14/art_1597509_27274238.html,1
330900,人民政府,· 浙江省民政厅 浙江省建设厅关于印发《浙江省避灾安置场所建设和...,2018/7/9,http://xxgk.zhoushan.gov.cn/art/2018/7/9/art_1277209_19332799.html,0
330900,人民政府,· 浙江省民政厅 浙江省财政厅关于调整福利彩票业务费分配比例的通...,2018/7/9,http://xxgk.zhoushan.gov.cn/art/2018/7/9/art_1277205_19329595.html,0
331000,民政,·2011年上半年台州市级事业单位公开招聘工作人员公...,2011/5/20,http://mzj.zjtz.gov.cn/art/2011/5/20/art_11283_365548.html,1
331000,民政,·2011年上半年台州市级事业单位公开招聘工作人员补...,2011/5/20,http://mzj.zjtz.gov.cn/art/2011/5/20/art_11283_365547.html,0
331000,民政,·2015年政府信息公开工作年度报告,2016/3/24,http://mzj.zjtz.gov.cn/art/2016/3/24/art_11283_365428.html,0
331000,财政,台州市地方税务局关于明确台州市区购销合同印花税核定征收比例的公告,2017/8/11,http://www.zjtz.gov.cn/art/2017/8/11/art_30714_1324393.html,0
331000,财政,台州市财政局 台州市“五水共治”工作领导小组办公室关于印发《台州市市级“五水共治”财政专项资金管理办法》的通知,2016/12/22,http://www.zjtz.gov.cn/art/2016/12/22/art_30714_1324401.html,0
331000,财政,台州市财政局 台州市机关事务管理局关于进一步落实行政事业单位支持民营企业渡过难关减免租金有关事项的通知,2020/3/5,http://czj.zjtz.gov.cn/art/2020/3/5/art_34680_1607869.html,0
331000,财政,台州市财政局 台州市经济和信息化局关于调整完善台州市区新能源汽车推广应用财政补助办法的通知,2019/9/30,http://czj.zjtz.gov.cn/art/2019/9/30/art_34680_1576598.html,0
331000,财政,浙江省财政厅关于印发浙江省省级企业研发后补助资金管理办法（试行）的通知,2018/3/21,http://www.zjtz.gov.cn/art/2018/3/21/art_30713_1325934.html,0
340000,人社,关于加强就业援助工作的指导意见,2010/11/5,http://hrss.ah.gov.cn/web/news/2522/34944.html,1
340100,发改,《合肥市固定资产投资项目节能审查实施办法》解读,2017/12/27,http://drc.hefei.gov.cn/zcfg/bb/13782941.html,0
340100,发改,2018年省高技术产业化人工智能产业发展专项资金分配的公示,2018/8/22,http://drc.hefei.gov.cn/zxdt/tzgg/13773561.html,0
340100,发改,2019年度合肥市“三重一创”政策资金拟“支持创新平台建设”事项公示,2019/6/20,http://drc.hefei.gov.cn/zxdt/tzgg/13774051.html,0
340100,发改,中共合肥市委合肥市人民政府关于聚焦重点领域加快产业创新转型升级的指导意见,2015/2/28,http://drc.hefei.gov.cn/zcfg/bb/13782711.html,0
340100,发改,关于“国网庐江供电公司35千伏石山至白山线路改造项目”的核准前公示,2020/2/19,http://drc.hefei.gov.cn/zxdt/tzgg/14567203.html,0
340100,发改,关于“国网庐江供电公司金牛至汤池35千伏#27-#86线路改造项目”的公示,2020/2/19,http://drc.hefei.gov.cn/zxdt/tzgg/14567199.html,0
340500,人民政府,关于修订印发《马鞍山市就业补助资金管理实施细则》的通知,2018/5/25,http://zwgk.mas.gov.cn/openness/detail/content/5b076ddec632a30a26a70fcc.html,1
340500,人民政府,关于印发《马鞍山市2017年就业脱贫工作实施方案》的通知,2017/5/24,http://zwgk.mas.gov.cn/openness/detail/content/59263aa2c632a35a4aa2cb8c.html,1
340800,民政,2019年关于城区空巢老年人家庭适老化改造工作的通知,2019/3/19,http://aqxxgk.anqing.gov.cn/show.php?id=679316,0
340800,民政,关于储险峰同志评残申请行政复议事宜,2014/12/31,http://aqxxgk.anqing.gov.cn/show.php?id=349103,0
340800,民政,关于印发《安庆市重点优抚对象享受普惠加优待实施细则》的通知,2017/12/23,http://aqxxgk.anqing.gov.cn/show.php?id=587424,0
340800,财政,2016年度全国会计专业技术资格考试安徽考生常见问题解答,2016/2/1,http://aqxxgk.anqing.gov.cn/show.php?id=408315,0
340800,财政,中华人民共和国个人所得税法,2011/12/15,http://aqxxgk.anqing.gov.cn/show.php?id=674704,0
340800,财政,关于《国家税务总局关于创业投资企业和天使投资个人税收政策有关问题的公告》的解读,2018/8/16,http://aqxxgk.anqing.gov.cn/show.php?id=674700,0
340800,财政,关于《国家税务总局关于设备 器具扣除有关企业所得税政策执行问题的公告》的解读,2018/9/5,http://aqxxgk.anqing.gov.cn/show.php?id=674682,0
340800,财政,关于下达县级会计管理工作调研课题任务的通知,2012/5/18,http://aqxxgk.anqing.gov.cn/show.php?id=197515,0
340800,财政,关于做好2013年度市本级灵活就业困难人员社会保险补贴工作的通知,2014/9/30,http://aqxxgk.anqing.gov.cn/show.php?id=328383,0
340800,财政,关于加快落实支持气象事业发展的通知,2013/11/13,http://aqxxgk.anqing.gov.cn/show.php?id=263211,0
341000,市场监督,二类医疗器械经营备案变更黄山市新安医药零售连锁有限公司（门店）,2019/12/18,http://scjg.huangshan.gov.cn/Content/show/JA032/73338/1/1083104.html,0
341000,市场监督,休宁县高舍山茶厂食品生产许可,2019/12/25,http://scjg.huangshan.gov.cn/Content/show/JA032/73338/1/1083715.html,0
341000,市场监督,关于开通疫情防控用测温设备的检定校准业务绿色通道的公告,2020/1/31,http://scjg.huangshan.gov.cn/Content/show/JA032/73338/1/1087177.html,0
341000,市场监督,医疗器械经营许可证黄山市平心医疗器械有限公司黄山花园药业零售连锁有限公司,2020/1/21,http://scjg.huangshan.gov.cn/Content/show/JA032/73338/1/1086460.html,0
341000,市场监督,方丽琴    执业药师注销,2019/12/20,http://scjg.huangshan.gov.cn/Content/show/JA032/73338/1/1083285.html,0
341000,市场监督,祁门县合一园红茶厂食品生产许可（变更）,2020/1/6,http://scjg.huangshan.gov.cn/Content/show/JA032/73338/1/1084805.html,0
341000,市场监督,致黄山市食品生产经营单位告知书,2020/1/27,http://scjg.huangshan.gov.cn/Content/show/JA032/73338/1/1086938.html,0
341000,市场监督,黄山仁信医药连锁有限公司城安药店   黄山仁信医药连锁有限公司吉康大药房  变更,2020/1/21,http://scjg.huangshan.gov.cn/Content/show/JA032/73338/1/1086498.html,0
341200,发改,“十一五”儿童福利机构建设规划,2011/9/14,http://www.fy.gov.cn/openness/detail/content/543cce339d6bbc060270e01d.html,0
341200,发改,“颍淮大讲堂—教育分讲堂”暨师德师风建设和“两学一做”专家讲座在阜阳三中开讲,2016/5/11,http://www.fy.gov.cn/openness/detail/content/5732f2e47f8b9a24041cd804.html,0
341200,发改,《“健康阜阳2030”规划纲要》政策解读,2018/1/30,http://www.fy.gov.cn/openness/detail/content/5a704d147f8b9a74654ad359.html,0
341200,发改,《2019年全省民生工作要点》政策解读,2019/3/28,http://www.fy.gov.cn/openness/detail/content/5cac43407f8b9ac9268b4574.html,0
341200,发改,《中华人民共和国广告法》（主席令第22号）,2018/10/29,http://www.fy.gov.cn/openness/detail/content/5c9ddb117f8b9aa6778b4571.html,0
341200,发改,《中国康复辅助器具目录》解读,2014/10/22,http://www.fy.gov.cn/openness/detail/content/58355e457f8b9aed2b55df72.html,0
341200,发改,《关于促进社会办医加快发展的实施意见（征求意见稿）》征求意见及意见采纳情况,2017/12/20,http://www.fy.gov.cn/openness/detail/content/5af3a64c7f8b9a8d216f472f.html,0
341200,发改,《关于加强社会组织党风廉政建设和反腐败工作的意见》的政策解读,2016/3/3,http://www.fy.gov.cn/openness/detail/content/56d801ee7f8b9a4c75251238.html,0
341200,发改,《关于加快健康产业发展的实施意见》起草说明 ,2017/11/30,http://www.fy.gov.cn/openness/detail/content/5a1fc6ad7f8b9a541baaab1e.html,0
341200,发改,《关于扎实推进民生工作的意见》政策解读,2017/6/9,http://www.fy.gov.cn/openness/detail/content/5939f4cf7f8b9a87358a2ce1.html,0
341200,发改,《安徽省人民政府关于促进慈善事业健康发展的实施意见》解读,2015/10/20,http://www.fy.gov.cn/openness/detail/content/5625ef757f8b9a0f6b1acfca.html,0
341200,发改,《安徽省人民政府关于持续增加城镇居民收入的实施意见》解读材料,2018/12/13,http://www.fy.gov.cn/openness/detail/content/5cf09f7a7f8b9af2108b4576.html,0
341200,发改,《安徽省人民政府关于进一步加强基础科学研究的实施意见》解读,2018/7/25,http://www.fy.gov.cn/openness/detail/content/5b5e6bbd7f8b9a7f2aef9f25.html,0
341200,发改,《安徽省人民政府办公厅关于 促进“互联网+医疗健康”发展的实施意见》 政策解读,2018/9/19,http://www.fy.gov.cn/openness/detail/content/5ba46aa07f8b9a9e35ccc174.html,0
341200,发改,《安徽省人民政府办公厅关于扎实推进应急广播体系建设的实施意见》 解读材料,2019/9/3,http://www.fy.gov.cn/openness/detail/content/5d6f74677f8b9aa54f8b4567.html,0
341200,发改,《安徽省人民政府办公厅关于推进城际铁路建设的通知》解读材料,2019/1/4,http://www.fy.gov.cn/openness/detail/content/5c33f62f7f8b9a96548b4578.html,0
341200,发改,《安徽省人民政府办公厅关于进一步加强财政资金管理制度建设指导意见》政策解读,2016/8/12,http://www.fy.gov.cn/openness/detail/content/57ad785c7f8b9ad6630f6530.html,0
341200,发改,《安徽省划转部分国有资本充实社保基金实施方案》解读材料,2018/7/10,http://www.fy.gov.cn/openness/detail/content/5b4701c27f8b9a726beb5740.html,0
341200,发改,《安徽省基本医疗保险监督管理暂行办法》政策解读,2018/4/27,http://www.fy.gov.cn/openness/detail/content/5aec038d7f8b9a9b5da9af7f.html,0
341200,发改,《安徽省扶贫项目资金绩效管理办法》政策解读 ,2018/10/30,http://www.fy.gov.cn/openness/detail/content/5bd81eeb7f8b9a831a8daae8.html,0
341600,人社,关于转发省劳动保障厅《城乡就业援助百日帮扶活动方案》的通知,2008/11/20,http://rsj.bozhou.gov.cn/News/show/168423.html,1
341700,民政,2017年池州慈善志一基金大学生救助名单公告,2017/9/28,http://mzj.chizhou.gov.cn/News/show/139179.html,0
341700,民政,2019年中福在线罗城路销售厅招聘工作人员拟录用人员公示,2019/7/16,http://mzj.chizhou.gov.cn/News/show/139411.html,0
350300,卫生,2010秋季事业卫生单位体检结果公示1,2011/1/17,http://wjw.putian.gov.cn/zwgk/tzgg/201101/t20110117_365217.htm,0
350300,卫生,2012年春季市直卫生类进入体检考核名单,2012/8/1,http://wjw.putian.gov.cn/zwgk/tzgg/201208/t20120801_366562.htm,0
350300,财政,福建省财政厅 国家税务总局福建省税务局关于落实小微企业普惠性税收减免政策的通知,2019/2/1,http://www.fj-n-tax.gov.cn/xxgk/sszczl/zcwj02/201901/t20190131_303530.htm,0
350300,财政,莆田市人社局等四部门关于做好新型冠状病毒感染肺炎疫情防控稳就业奖补申报有关事项的通知,2020/2/1,http://czj.putian.gov.cn/zwgk/flfggzzd/gfxwj/202002/P020200213606902688390.pdf,0
350300,财政,莆田市财政局 莆田市卫生健康委员会关于落实新型冠状病毒感染肺炎疫情防控有关经费保障政策的通知,2020/1/27,http://czj.putian.gov.cn/zwgk/flfggzzd/flfg/202002/t20200205_1444268.htm,0
350300,财政,莆田市财政局关于进一步加强评审管理优化营商环境有关事项的通知,2020/1/10,http://czj.putian.gov.cn/zwgk/flfggzzd/gfxwj/202001/t20200110_1439566.htm,0
350300,财政,财政部 税务总局 商务部 海关总署关于跨境电子商务综合试验区零售出口货物税收政策的通知,2018/10/9,http://czj.putian.gov.cn/zwgk/flfggzzd/flfg/201903/t20190312_1306079.htm,0
350400,财政,三明市小微企业创业创新基地城市示范工作领导小组办公室关于印发《中央双创资金支出绩效评价管理办法（试行）》的通知,2017/1/13,http://xxgk.sm.gov.cn/szfgzjg/czj/zfxxgkml/dfxfgzfgzhgfxwj/201702/t20170213_635263.htm,0
350400,财政,三明市财政局 三明市农业局关于下达2017年三明国家扶贫改革试验区建设专项资金的通知,2017/6/30,http://xxgk.sm.gov.cn/szfgzjg/czj/zfxxgkml/fpjyylshbzcjjydfmdzccsjqssqk_2306/201707/t20170703_729943.htm,0
350700,民政,兰斯文部长调研卫生工作,2012/4/9,http://www.np.gov.cn/cms/infopublic/publicInfo.shtml?id=340347590310890000&siteId=340328840390080000,0
350700,民政,关于做好南平仁爱医院等5家医疗机构许可事项和监管工作衔...,2017/12/21,http://www.np.gov.cn/cms/infopublic/publicInfo.shtml?id=100420076024850004&siteId=340328840390080000,0
360100,人社,关于进一步做好建档立卡农村贫困劳动力培训的通知,2019/3/20,http://rsj.nc.gov.cn/ncsrsj/zcfg/201909/fbdf6dfd1cc04f8685645aefb14477a3.shtml,1
360400,人社,关于进一步做好“零就业家庭”就业援助工作的通知,2008/7/3,http://218.65.3.188/bmgkxx/rsj/bmwj/200805/t20080526_2197.htm,1
360600,民政,余江县设立公益性岗位促进低保对象再就业,2010/12/27,http://mzj.yingtan.gov.cn/gggs/201104/t20110401_102285.htm,1
370100,发改,“兴旺购”便民惠民信息服务平台项目,2015/11/2,http://jndpc.jinan.gov.cn/art/2015/11/2/art_30251_2744620.html?xxgkhide=1,0
370100,发改,“十强”产业成为支撑新旧动能转换的重要载体,2018/11/28,http://jndpc.jinan.gov.cn/art/2018/11/28/art_30273_2747051.html?xxgkhide=1,0
370100,发改,“明码标价规范检查月”活动成效明显,2018/4/17,http://jndpc.jinan.gov.cn/art/2018/4/17/art_30256_3205200.html?xxgkhide=1,0
370100,发改,“粮油科技进军营”活动再掀新高潮——济南军供...,2011/4/20,http://jndpc.jinan.gov.cn/art/2011/4/20/art_30256_3202216.html?xxgkhide=1,0
370100,发改,“金牌环境”激发强劲活力,2018/12/4,http://jndpc.jinan.gov.cn/art/2018/12/4/art_30256_2746833.html?xxgkhide=1,0
370100,发改,“黄河文化与黄河流域协作高质量发展”高端论坛...,2018/11/13,http://jndpc.jinan.gov.cn/art/2018/11/13/art_30256_2746717.html?xxgkhide=1,0
370100,发改,《企业境外投资管理办法》 2017年第11号...,2019/6/12,http://jndpc.jinan.gov.cn/art/2019/6/12/art_2209_3006604.html?xxgkhide=1,0
370100,发改,《关于简化公共资源交易项目办理流程的通知》解...,2018/9/12,http://jndpc.jinan.gov.cn/art/2018/9/18/art_30265_2747023.html?xxgkhide=1,0
370100,发改,《外商投资产业指导目录（2015年修订》发布,2015/4/2,http://jndpc.jinan.gov.cn/art/2015/4/2/art_30256_2746604.html?xxgkhide=1,0
370100,发改,《济南市区域能评实施办法（暂行）》解读,2019/9/10,http://jndpc.jinan.gov.cn/art/2019/9/10/art_2238_3325270.html?xxgkhide=1,0
370100,民政,济南市民政局 济南市行政审批服务局关于切实加强非军队主管的社会团体涉军事项管理的通知,2020/3/10,http://jnmz.jinan.gov.cn/art/2020/2/18/art_30777_3992537.html?xxgkhide=1,0
370100,财政,关于统计清理规范政府采购投标保证金等事项的通知,2019/8/29,http://jncz.jinan.gov.cn/art/2019/8/29/art_7858_3299461.html,0
370100,财政,关于转发《关于高新技术企业城镇土地使用税有关问题的通知》的通知（济财税〔2019〕4号）,2019/2/21,http://jncz.jinan.gov.cn/art/2019/2/21/art_7858_2838713.html,0
370100,财政,关于转发山东省财政厅 山东省金融工作办公室 中国人民银行济南分行 山东省中小企业局《关于印发山东省政府采购合同融资管理办法的通知》的通知 济财采14号,2019/4/28,http://jncz.jinan.gov.cn/art/2019/4/28/art_7858_2926972.html,0
370100,财政,国务院关于印发个人所得税专项附加扣除暂行办法的通知（国发〔2018〕41号）,2019/2/21,http://jncz.jinan.gov.cn/art/2019/2/21/art_7858_2838715.html,0
370100,财政,济南市财政局关于进一步优化政府采购营商环境有关问题的通知 济财采【2019】14号文,2019/9/30,http://jncz.jinan.gov.cn/art/2019/9/30/art_7858_3329267.html,0
370300,民政,?淄博市人民政府关于推进市以下财政事权和支出责任...,2017/9/30,http://www.zibo.gov.cn/art/2017/9/30/art_1569_788643.html,0
370300,民政,“三医联动”抓服务 提升看病就医满意度——博山区...,2019/12/24,http://www.zibo.gov.cn/art/2019/12/24/art_1537_1837437.html,0
370300,民政,“净土春色 美好心灵 美丽家园”植树活动,2016/3/11,http://www.zibo.gov.cn/art/2016/3/11/art_1537_611480.html,0
371000,民政,关于做好2017年度社会工作者职业水平考试奖励工作的通知,2018/3/6,http://mzj.weihai.gov.cn/art/2018/3/6/art_46941_1427773.html,0
371000,民政,关于全面建立困难残疾人生活补贴和重度残疾人护理补贴制度的通知（困难残...,2016/6/22,http://mzj.weihai.gov.cn/art/2016/6/22/art_38841_1509985.html,0
371400,民政,民政部关于进一步加强生活困难下岗失业人员基本生活保障工作的通知,2019/1/29,http://dzsmzj.dezhou.gov.cn/n2442410/n38089936/n38089970/n38089972/c46592573/content.html,1
410000,人社,河南省人力资源和社会保障厅 河南省扶贫开发办公室 河南省总工会 河南省妇女联合会 河南省残疾人联合会 关于开展2020年春风行动暨就业援助月的通知,2020/1/13,http://hrss.henan.gov.cn/sitegroup/root/html/ff8080815a54dbc0015a55166852019d/32ccc0faa4d44427887daab83a19ddbc.html,1
410000,人社,河南省人力资源和社会保障厅河南省残疾人联合会关于开展2018年就业援助月专项活动的通知,2018/1/21,http://hrss.henan.gov.cn/sitegroup/root/html/ff8080815a54dbc0015a55166852019d/05715b99b26a4308a859950125b5e543.html,1
410400,财政,关于支持做好新型农业经营主体培育的通知,2019/8/13,http://czj.pds.gov.cn/contents/12697/130899.html,0
410400,财政,关于民用航空发动机、新支线飞机和大型客机税收政策的公告,2019/12/5,http://czj.pds.gov.cn/contents/12697/131412.html,0
410400,财政,关于继续实施支持文化企业发展增值税政策的通知,2019/3/20,http://czj.pds.gov.cn/contents/12697/130874.html,0
410400,财政,关于调整《财政专项扶贫资金绩效评价指标评分表》的通知,2019/12/20,http://czj.pds.gov.cn/contents/12697/132041.html,0
410400,财政,关于资源综合利用增值税政策的公告,2019/12/5,http://czj.pds.gov.cn/contents/12697/131414.html,0
410400,财政,关于金融企业涉农贷款和中小企业贷款损失准备金税前扣除有关政策的公告,2019/10/11,http://czj.pds.gov.cn/contents/12697/130906.html,0
410400,财政,平顶山市财政局关于印发《平顶山市市直机关差旅费管理办法》的通知,2019/7/18,http://czj.pds.gov.cn/contents/12697/124270.html,0
410600,人社,鹤壁市人力资源和社会保障局关于进一步规范就业援助工作的通知,2015/10/28,https://rsj.hebi.gov.cn/hbsrsj/zcfg92/jycjhnmggz/3132968/index.html,1
410800,人社,关于转发《关于开展2011？春季就业援助活动的通知》的通知 [2011-01-04],NULL,http://www.hajz.hrss.gov.cn/sitesources/jzsrsj/page_pc/xxgk/xxgkml/fgjd/articled44f9e5dc8684b93b6838b4614280902.html,1
411500,医保管理,信医保[2011]38号市直医保部分门诊重症慢性病定点药店管理实施意见,2011/12/28,http://www.xyyb.net/index.php?c=article&id=232&cateid=A0004,0
411500,医保管理,信阳市基本医疗保险重症慢性病管理办法,2005/12/14,http://www.xyyb.net/index.php?c=article&id=214&cateid=A0004,0
411500,医保管理,信阳市职工生育保险实施细则,2009/3/18,http://www.xyyb.net/index.php?c=article&id=227&cateid=A0004,0
411500,医保管理,市直国有企业下岗职工参加基本医疗保险的意见,2005/12/14,http://www.xyyb.net/index.php?c=article&id=212&cateid=A0004,0
411500,医保管理,肾功能衰竭（尿毒症）透析项目的月定额调整至5000元,2015/1/4,http://www.xyyb.net/index.php?c=article&id=236&cateid=A0004,0
411500,发改,我国加大帮扶贫困劳动力力度,2019/7/8,http://www.xydrc.gov.cn/fggz/gongdai/2019-07-11/4462.html,1
420100,民政,关于印发武汉市医疗救助与城乡居民大病保险有效衔接实施方案的通知,2018/8/17,http://mzj.wuhan.gov.cn:80/zcfg/367703.jhtml,0
420200,民政,2017年黄石市本级福利彩票公益金绩效评价报告（摘要）,2018/12/7,http://mzj.huangshi.gov.cn/gk/gkwj/201812/t20181207_468218.html,0
420700,卫生,中华人民共和国国家卫生健康委员会令 第3号,2019/3/18,http://wjw.ezhou.gov.cn/zcfg/201903/t20190318_237778.html,0
420700,卫生,中华人民共和国行政许可法,2018/1/14,http://wjw.ezhou.gov.cn/zcfg/201801/t20180114_237690.html,0
431100,人社,蓝山县2018年建档立卡贫困劳动力技能培训补贴公示,2018/11/14,http://rsj.yzcity.gov.cn/12333/020103/201811/802365023f8c4a7fbdccfc68dd0fe979.shtml,1
431300,发改,1-2月湖南规模以上服务业开局良好,2018/4/19,http://fgw.hnloudi.gov.cn/ldfgw/fzgg_fwyfz/201804/d329b96855ad4888bcf81cbc3b548a30.shtml,0
431300,发改,2014，湖南将继续提高民生保障标准,2014/1/15,http://fgw.hnloudi.gov.cn/ldfgw/fzgg_shsy/201401/2980edf491324a8ba5c3ed882bcd2f7b.shtml,0
431300,发改,2015年上半年全国光伏发电建设信息简况,2015/8/13,http://fgw.hnloudi.gov.cn/ldfgw/fzgg_nyjs/201508/4252256523e9434aaddf4c678e0685cc.shtml,0
431300,发改,2017年全市价格工作盘子敲定,2017/3/27,http://fgw.hnloudi.gov.cn/ldfgw/fzgg_jgtk/201703/02d44ff2b0ad47c2b4e1a8d685973097.shtml,0
431300,发改,34个镇列入第三轮示范镇建设 2015年考核验收,2012/5/1,http://fgw.hnloudi.gov.cn/ldfgw/fzgg_fwyfz/201205/645b3c4bb0874f7cb0ef71f10fc9f25c.shtml,0
431300,发改,一图读懂2019年中央经济工作会议,2020/1/23,http://fgw.hnloudi.gov.cn/ldfgw/0801/202001/00074b8179974de1b59108142d3724c3.shtml,0
431300,发改,万宝新区现代服务业集聚区工作推进小组谋划早、行动快,2015/3/17,http://fgw.hnloudi.gov.cn/ldfgw/fzgg_fwyfz/201503/60a752b259644f17a72d021170e4eb4f.shtml,0
431300,发改,中共中央 国务院关于加快水利改革发展的决定,2011/7/15,http://fgw.hnloudi.gov.cn/ldfgw/fzgg_zcfg/201107/dc9cfe2da5924fbd9a3daef68990a0c8.shtml,0
431300,发改,中共湖南省委办公厅湖南省人民政府办公厅关于印发《湖南省机关公文二维条码使用规范…,2008/1/15,http://fgw.hnloudi.gov.cn/ldfgw/fzgg_zcfg/200801/8af4a15d300c44c38d1249176c0dfded.shtml,0
431300,发改,中华人民共和国国务院令,2014/8/27,http://fgw.hnloudi.gov.cn/ldfgw/fzgg_zcfg/201408/6130cbb31dea46348144c724b469ebe8.shtml,0
433100,人社,关于进一步做好建档立卡贫困劳动力职业技能培训工作的通知,2019/10/23,http://rsj.xxz.gov.cn/zwgk_170/zcwj/bmwj/201912/t20191216_1371343.html,1
440200,民政,中华人民共和国保守国家秘密法实施条例,2015/8/5,http://mzj.sg.gov.cn/zwgk/gzwj/content/post_101834.html,0
440200,民政,关于《韶关市困难群众医疗救助暂行办法》的起草说明,2017/7/28,http://mzj.sg.gov.cn/zwgk/gzwj/content/post_101861.html,0
440300,财政,中华人民共和国财政部令第87号--政府采购货物和服务招标投标管理办法,2017/7/18,http://szfb.sz.gov.cn/zwgk/zcfg/qt/201707/t20170718_7891522.htm,0
440300,财政,中国共产党问责条例,2016/7/28,http://szfb.sz.gov.cn/zwgk/zcfg/qt/201607/t20160728_4257463.htm,0
440300,财政,关于2016年度第二批公益性社会团体捐赠税前扣除资格名单的公告,2017/8/4,http://szfb.sz.gov.cn/zwgk/zcfg/qt/201708/t20170804_8062915.htm,0
440300,财政,关于中央文化企业国有资产产权登记管理的补充通知,2018/1/17,http://szfb.sz.gov.cn/zwgk/zcfg/qt/201801/t20180117_10655780.htm,0
440300,财政,关于做好财政支农资金支持资产收益扶贫工作的通知,2017/8/7,http://szfb.sz.gov.cn/zwgk/zcfg/qt/201708/t20170807_8067024.htm,0
440300,财政,关于加强注册会计师行业监管有关事项的通知,2018/4/2,http://szfb.sz.gov.cn/zwgk/zcfg/qt/201804/t20180402_11659163.htm,0
440300,财政,关于印发《关于推动有限责任会计师事务所转制为合伙制会计师事务所的暂...,2018/4/16,http://szfb.sz.gov.cn/zwgk/zcfg/qt/201804/t20180416_11764114.htm,0
440300,财政,关于印发《国家重点研发计划资金管理办法》的通知,2017/8/2,http://szfb.sz.gov.cn/zwgk/zcfg/qt/201708/t20170802_8026915.htm,0
440300,财政,关于印发《广东省财政厅关于省级财政社会科学研究项目资金的管理办法》...,2018/1/16,http://szfb.sz.gov.cn/zwgk/zcfg/qt/201801/t20180116_10654085.htm,0
440300,财政,关于印发《新增地方政府债务限额分配管理暂行办法》的通知,2017/8/2,http://szfb.sz.gov.cn/zwgk/zcfg/qt/201708/t20170802_8026997.htm,0
440300,财政,关于印发《统一和规范职工养老保险个人账户记账利率办法》的通知,2017/8/3,http://szfb.sz.gov.cn/zwgk/zcfg/qt/201708/t20170803_8029326.htm,0
440300,财政,关于印发修订《企业会计准则第24号——套期会计》的通知,2017/8/3,http://szfb.sz.gov.cn/zwgk/zcfg/qt/201708/t20170803_8029270.htm,0
440300,财政,关于取消、调整部分政府性基金有关政策的通知,2017/8/2,http://szfb.sz.gov.cn/zwgk/zcfg/qt/201708/t20170802_8026983.htm,0
440300,财政,关于将技术先进型服务企业所得税政策推广至全国实施的通知,2017/11/13,http://szfb.sz.gov.cn/zwgk/zcfg/qt/201711/t20171113_9658293.htm,0
440300,财政,关于提前下达2018年中央财政医疗救助补助预算指标的通知,2017/11/29,http://szfb.sz.gov.cn/zwgk/zcfg/qt/201711/t20171129_10039956.htm,0
440300,财政,关于政府购买服务信息平台运行管理有关问题的通知,2017/11/3,http://szfb.sz.gov.cn/zwgk/zcfg/qt/201711/t20171103_9520106.htm,0
440400,市场监督,《广东省食品药品监督管理局关于散装食品经营管理规范》问答,2017/9/1,http://www.gdda.gov.cn/publicfiles/business/htmlfiles/jsjzz/s5557/201709/343060.htm,0
440400,市场监督,一图读懂《广东省食品药品监督管理局关于药品零售企业分级分类的管理办法（试行）》,2018/4/18,http://www.gdda.gov.cn/publicfiles//business/htmlfiles/jsjzz/s11241/201804/354936.htm,0
440400,市场监督,关于印发《广东省食品药品监督管理局规范行政处罚自由裁量权适用规则》的通知,2018/1/6,http://www.gdda.gov.cn/publicfiles/business/htmlfiles/jsjzz/pgongzuowenjian/201705/338387.htm,0
440400,市场监督,广东省食品药品监督管理局办公室关于印发《广东省食品药品监督管理局关于“明厨亮灶”建设规范的...,2017/8/4,http://www.gdda.gov.cn/publicfiles/business/htmlfiles/jsjzz/pgfxwj/201708/340728.htm,0
440500,人民政府,《关于进一步完善社会救助和保障标准与物价上涨挂钩联动机制实施意见》的通知,2017/1/22,http://www.shantou.gov.cn/cnst/gkml/zwgk/gzwj/gfxwj/content/post_795834.html,0
440500,人民政府,2014年3月份汕头市国民经济主要指标,2014/6/10,http://www.shantou.gov.cn/cnst/gkml/zwgk/gzwj/qtwj/tjybgb/content/post_837321.html,0
440500,人民政府,2015年12月份汕头市国民经济主要指标,2016/3/9,http://www.shantou.gov.cn/cnst/gkml/zwgk/gzwj/qtwj/tjybgb/content/post_837601.html,0
440500,人民政府,2015年8月份汕头市国民经济主要指标,2015/11/16,http://www.shantou.gov.cn/cnst/gkml/zwgk/gzwj/qtwj/tjybgb/content/post_837577.html,0
441300,发改,《价格违法行为举报处理规定》 2014年第6号令,2014/11/4,http://jhj.huizhou.gov.cn/gkmlpt/content/3/3138/post_3138160.html,0
441300,发改,《固定资产投资项目节能审查办法 》,2017/2/23,http://jhj.huizhou.gov.cn/gkmlpt/content/3/3138/post_3138074.html,0
441300,发改,《国务院关于修改〈计算机软件保护条例〉的决定》,2013/4/18,http://jhj.huizhou.gov.cn/gkmlpt/content/3/3137/post_3137916.html,0
441300,发改,《外商投资项目核准和备案管理办法》　2014年第12号令,2014/11/4,http://jhj.huizhou.gov.cn/gkmlpt/content/3/3138/post_3138156.html,0
441300,发改,《惠州市关于群众举报欺行霸市、制假售假、商业贿赂违法犯罪线索奖励办法》（试行),2012/12/21,http://jhj.huizhou.gov.cn/gkmlpt/content/3/3138/post_3138005.html,0
441300,发改,《教育督导条例》,2013/4/18,http://jhj.huizhou.gov.cn/gkmlpt/content/3/3138/post_3138145.html,0
441300,发改,《汽车产业投资管理规定》,2019/1/7,http://jhj.huizhou.gov.cn/gkmlpt/content/3/3138/post_3138224.html,0
441300,发改,2013年2月上旬经济社会发展大事记,2013/4/18,http://jhj.huizhou.gov.cn/gkmlpt/content/3/3138/post_3138958.html,0
441300,发改,2015年惠州市市级现代服务业发展引导资金拟安排项目公示,2016/12/16,http://jhj.huizhou.gov.cn/gkmlpt/content/3/3138/post_3138814.html,0
441300,发改,2017年度惠州市粮食安全发展专项资金项目评审结果公示,2017/8/30,http://jhj.huizhou.gov.cn/gkmlpt/content/3/3138/post_3138828.html,0
441300,民政,关于同意惠州市智惠教育自考培训中心变更登记的批复,2020/1/20,http://mzj.huizhou.gov.cn/gkmlpt/content/3/3264/post_3264481.html,0
441300,民政,关于同意惠州文化研究会注销登记的批复,2020/1/20,http://mzj.huizhou.gov.cn/gkmlpt/content/3/3265/post_3265006.html,0
441400,财政,•五华县人民政府办公室关于做好五华县2019年第一...,2019/2/25,https://www.meizhou.gov.cn/zwgk/fggw/gbkdxjwj/content/post_576571.html,0
441400,财政,•关于2006年梅州市粮食工作考评结果的通报,2007/12/28,https://www.meizhou.gov.cn/zwgk/fggw/szfwj/content/post_598958.html,0
441400,财政,•关于2010年度各县（市、区）污染减排和环境保护...,2011/6/10,https://www.meizhou.gov.cn/zwgk/fggw/sfbgswj/content/post_598614.html,0
441400,财政,•关于做好全市第二次土地调查工作的通知,2007/11/2,https://www.meizhou.gov.cn/zwgk/fggw/szfwj/content/post_591123.html,0
441400,财政,•关于减免我市在创建广东省教育强市期间学校建设工程...,2009/2/2,https://www.meizhou.gov.cn/zwgk/fggw/szfwj/content/post_593731.html,0
441400,财政,•关于印发《梅州市推动地方戏曲传承发展的实施意见》...,2018/10/19,https://www.meizhou.gov.cn/zwgk/fggw/bmgfxwj/content/post_594353.html,0
450000,卫生,关于做好医疗广告审批工作的补充通知,2007/2/15,http://wsjkw.gxzf.gov.cn/xxgks/zcwj/zcjd/2007/0215/45448.html,0
450000,卫生,关于加强医疗机构临床用血监督管理工作的通知,2004/3/3,http://wsjkw.gxzf.gov.cn/xxgks/zcwj/zcjd/2004/0303/45592.html,0
450200,人民政府,广西壮族自治区人工影响天气管理办法(广西壮族自治区人民政府令 第99号),2014/2/8,http://fun.gxzf.gov.cn/php/index.php?c=file&a=detail&siteid=1&id=428428,0
450200,人民政府,广西壮族自治区人民政府关于,2020/2/17,http://fun.gxzf.gov.cn/php/index.php?c=file&a=detail&siteid=1&id=2403774,0
450200,人民政府,广西壮族自治区人民政府关于2014年我区深化经济体制改革重点工作的意见(桂政发〔2014〕41号),2014/10/13,http://fun.gxzf.gov.cn/php/index.php?c=file&a=detail&siteid=1&id=434627,0
450200,人民政府,广西壮族自治区人民政府关于下达广西壮族自治区2017年国民经济和社会发展计划的通知（桂政发〔2017〕21号）,2017/4/23,http://fun.gxzf.gov.cn/php/index.php?c=file&a=detail&siteid=1&id=604187,0
450200,人民政府,广西壮族自治区人民政府关于何佳同志免职的通知（桂政干〔2017〕232号）,2017/12/19,http://fun.gxzf.gov.cn/php/index.php?c=file&a=detail&siteid=1&id=1089897,0
450200,人民政府,广西壮族自治区人民政府关于何春梅同志免职的通知（桂政干〔2014〕183号）,2014/10/15,http://fun.gxzf.gov.cn/php/index.php?c=file&a=detail&siteid=1&id=855686,0
450200,人民政府,广西壮族自治区人民政府关于全面推进气象现代化建设的意见(桂政发〔2014〕37号),2014/9/22,http://fun.gxzf.gov.cn/php/index.php?c=file&a=detail&siteid=1&id=434183,0
450200,人民政府,广西壮族自治区人民政府关于冯任佳同志免职的通知（桂政干〔2017〕166号）,2017/10/20,http://fun.gxzf.gov.cn/php/index.php?c=file&a=detail&siteid=1&id=1081722,0
450200,人民政府,广西壮族自治区人民政府关于刘一原、王捷同志任职的通知（桂政干〔2017〕202号）,2017/11/29,http://fun.gxzf.gov.cn/php/index.php?c=file&a=detail&siteid=1&id=1087327,0
450200,人民政府,广西壮族自治区人民政府关于刘军同志任职的通知（桂政干〔2018〕190号）,2018/12/29,http://fun.gxzf.gov.cn/php/index.php?c=file&a=detail&siteid=1&id=1473430,0
450200,人社,“春风”不掉链，“春风行动暨就业援助月” 现场招聘会转为网上招聘,2020/1/28,http://rsj.liuzhou.gov.cn/news/show-13013.html,1
450200,人社,关于印发柳州市2017年就业援助月      专项活动方案的通知,2017/1/23,http://rsj.liuzhou.gov.cn/fils/show-8445.html,1
450200,人社,我市开展“就业援助月”创业就业大讲堂活动助残疾人就业,2016/3/1,http://rsj.liuzhou.gov.cn/news/show-5963.html,1
450200,人社,柳农工办发〔2020〕1号 关于开展“2020年柳州市春风行动暨就业援助月”活动的通知,2020/1/9,http://rsj.liuzhou.gov.cn/fils/show-12960.html,1
450200,民政,柳州市民政局2018年度决算公开,2019/1/15,http://mzj.liuzhou.gov.cn/info/212737,0
450300,人社,[2019-01-17]关于开展2019年就业援助月专项活动的通知,NULL,http://rsj.guilin.gov.cn/zwgk/xxgk/zcwj/201903/t20190319_1101374.html,1
450300,人社,[2020-01-13]桂林市人力资源和社会保障局等五部门关于开展2020年春风行动暨就业援助月的通知,NULL,http://rsj.guilin.gov.cn/zwgk/xxgk/zcwj/202001/t20200113_1661754.html,1
450400,民政,2017年梧州市彩票公益金安排项目组织实施情况表,2018/8/7,http://mzj.wuzhou.gov.cn/zcwj/20180807-1270258.shtml,0
451400,人社,崇左市2020年“春风行动暨就业援助月”现场招聘会公告,NULL,http://rsj.chongzuo.gov.cn/zwgk/tzgg/20200109-2368454.shtml,1
500000,医改领导小组,重庆市人民政府关于印发重庆市环境保护区域限批实施办法的通知,2015/12/30,http://wsjkw.cq.gov.cn/cqzc/20151230/245399.html,0
500000,医改领导小组,重庆市人民政府办公厅关于切实加强非洲猪瘟防控稳定生猪生产保障市场供应促进转型升级的实施意见,2016/9/9,http://wsjkw.cq.gov.cn/cqzc/20160909/245445.html,0
500106,人民政府,【政策解读】贫困劳动力参加职业...,2020/2/15,http://www.cqspb.gov.cn/xxgk_content.jsp?id=172125,1
500108,市场监督,"标题：放心肉菜示范超市创建程序
点击数：1556
发表时间：17年09月15日",2017/9/15,http://msa.cqna.gov.cn/Item/14144.aspx,0
500108,民政,机构简介,NULL,http://mzj.cqna.gov.cn/Category_1076/Index.aspx,0
500108,民政,"标题：进一步规范（无）婚姻登记记录证明相关工作
点击数：684
发表时间：18年10月12日",2018/10/12,http://mzj.cqna.gov.cn/Item/84592.aspx,0
500108,民政,重庆市最低生活保障申请审批规程,2017/7/7,http://mzj.cqna.gov.cn/Item/11388.aspx,0
500109,人民政府,《关于推进环境污染第三方治理的实施意见》解读,2017/10/26,http://www.beibei.gov.cn/publicity_bbq/fgwj/zcjd__fgwj/zcjd/43305,0
500109,人民政府,《国土资源部关于推进土地节约集约利用的指导意见》解读之六,2014/12/31,http://www.beibei.gov.cn/publicity_bbq/fgwj/zcjd__fgwj/zcjd/19227,0
500109,人民政府,2017年工作总结及2018年工作思路,2018/1/17,http://www.beibei.gov.cn/publicity_bbq/fgwj/qtgw__fgwj/qtgw/43654,0
500109,人民政府,中共重庆市北碚区文化广电新闻出版局委员会 关于刘明华等同志职务任免的通知,2013/2/21,http://www.beibei.gov.cn/publicity_bbq/fgwj/qtgw__fgwj/qtgw/5355,0
500111,财政,《大足县政府非税收入收缴管理暂行办法》,2005/12/26,http://www.dazu.gov.cn/publicity/zfgw/qzfwj/101244,0
500111,财政,2010年10月12日菜市价格信息,2010/10/12,http://www.dazu.gov.cn/fgw/publicity/fzgg/zhjj/196708,0
500114,市场监督,“拼命三郎”冉爱华 舍“小家” 为“大家”,2017/11/15,https://www.qianjiang.gov.cn/html/78/29108.html,0
500114,市场监督,“财金互动”助推脱贫攻坚,2016/4/30,https://www.qianjiang.gov.cn/html/78/12455.html,0
500114,市场监督,“雨露工程”润泽黔江359名贫困大学生,2016/10/19,https://www.qianjiang.gov.cn/html/78/16326.html,0
500114,市场监督,《食品经营许可证》申报材料清单,2016/9/21,https://www.qianjiang.gov.cn/html/135/24129.html,0
500114,市场监督,【重庆环保督察在行动•黔江区专题】重庆市第一环境保护督察组督察黔江区公告,2018/6/21,https://www.qianjiang.gov.cn/html/252/33860.html,0
500114,市场监督,12月13日扶贫攻坚简讯,2016/12/13,https://www.qianjiang.gov.cn/html/78/17657.html,0
500114,市场监督,12月7日扶贫攻坚简讯,2016/12/7,https://www.qianjiang.gov.cn/html/78/17493.html,0
500114,市场监督,2013年2月份黔江城区环境空气质量月报,2014/1/7,https://www.qianjiang.gov.cn/html/253/25487.html,0
510000,卫生,《四川省母婴安全行动计划实施方案（2018-2020年）》和《四川省儿童健康行动计划（...,2018/7/13,http://wsjkw.sc.gov.cn/scwsjkw/gggs/2018/7/13/6282120a47914d18b09e77fa9247d948.shtml,0
510000,卫生,2012年5月四川省传染病疫情通报,2012/6/11,http://wsjkw.sc.gov.cn/scwsjkw/gggs/2012/6/11/01f8468bf6ac4838a207b185e4f5d391.shtml,0
510000,发改,“项目年”里开新局 全省731个重大项目加力推进,2016/2/16,http://fgw.sc.gov.cn/sfgw/xxgdzctz/2016/2/16/f93a8dce7b3b4f3aa16dc12eba7259d2.shtml,0
510000,发改,1-10月全省投资运行情况,2016/11/25,http://fgw.sc.gov.cn/sfgw/xxgdzctz/2016/11/25/f29464b3c6bb45ed8eaadafdce96b3a3.shtml,0
510000,发改,10月份全省投资形势简要分析,2014/11/20,http://fgw.sc.gov.cn/sfgw/xxgdzctz/2014/11/20/6e2cbb1be3504dde92d9a224fa017d9d.shtml,0
510000,发改,11月份全省投资继续保持平稳增长,2014/12/18,http://fgw.sc.gov.cn/sfgw/xxgdzctz/2014/12/18/0e36e7ce92624f7f935c77ae56164c65.shtml,0
510000,发改,2011年度政府信息公开工作年度报告,2012/3/31,http://125.64.4.186/t.aspx?i=20120331155641-136827-00-000,0
510000,发改,2014年国民经济和社会发展计划执行情况及2015年计划草案的报告,2015/2/15,http://fgw.sc.gov.cn/sfgw/ghjh/2015/2/15/5ffec321839440f0abd81466d7732758.shtml,0
510000,发改,2016年，全省各级各部门认真贯彻省委、省政府关于加快推进生态文明建设和绿色发展的各项决策部署，把控制温室气体排放作为推进供给侧结构性改革、促进经济转型升级和创新驱动发展的重要抓手，坚持意识不松懈、目标不动摇、工作力度不放松，超额完成了碳排放强度控制目标。　　根据《四川省控制温室气体排放工作方案》（...,2017/12/5,http://fgw.sc.gov.cn/sfgw/zdxmm/2017/12/5/0e73987bd5cb44d393eb64b610c0f16e.shtml,0
510000,发改,"2019年1月25日上午,省委巡视工作领导小组召开十一届省委扶贫领域专项巡视集中反馈电视电话会议,省委常委、省纪委书记、省监委主任、省委巡视工作领导小组组长王雁飞传达了中央和省委关于巡视工作的有关精神,并对做好本轮巡视整改工作提出要求。他指出,要牢固树立“四个意识”,深刻认识做好扶贫领域专项巡视整改工作的重大...",2019/1/28,http://fgw.sc.gov.cn/sfgw/zdxmm/2019/1/28/3536facf0ccb4984ad22193c01409d50.shtml,0
510000,发改,8月份全省投资形势简要分析,2014/9/19,http://fgw.sc.gov.cn/sfgw/xxgdzctz/2014/9/19/1ff2310ecb6a49bfb314eb13013e26f4.shtml,0
510000,发改,三台县中医院灾后重建项目可行性研究报告（代项目建议书）通过批复,2009/6/29,http://125.64.4.186/t.aspx?i=20100831102749-165131-00-000,0
510000,民政,中华人民共和国慈善法,2017/6/20,https://mzt.sc.gov.cn/scmzt/zcfg/2017/6/20/62ff5dc96ab140fdad631d3820907507.shtml,0
510000,民政,关于公益性捐赠税前扣除有关问题的通知,2017/9/27,https://mzt.sc.gov.cn/scmzt/zcfg/2017/9/27/bc5211b5119e47b186840889221e89fe.shtml,0
510100,人民政府,成都市卫生局关于印发《成都市2013年精神卫生工作实施意见》…,2013/8/5,http://gk.chengdu.gov.cn/govInfoPub/detail.action?id=58822&tn=6,0
510100,人民政府,成都市卫生局关于印发2013年成都市食品安全风险监测实施方案…,2013/8/5,http://gk.chengdu.gov.cn/govInfoPub/detail.action?id=58809&tn=6,0
510100,市场监督,2015年6月-7月医疗器械经营企业注销公告,2015/7/21,http://syj.chengdu.gov.cn/spypjd/c111111/2015-07/21/content_4825df32893d49acb1d45eb5a124da17.shtml,0
510100,市场监督,2016年规模以上食品生产企业HACCP培训考核情况公布,2016/12/27,http://syj.chengdu.gov.cn/spypjd/c111111/2016-12/27/content_839d62c637214959810f9d3f580af6cd.shtml,0
510100,市场监督,2017年度成都市肉菜流通追溯体系运行维护监理服务采购项目比选公告,2017/5/18,http://syj.chengdu.gov.cn/spypjd/c111111/2017-05/18/content_205c091ec73e4cbbaf77b4fb620d3420.shtml,0
510100,市场监督,2018年成都市食品药品监督管理局关于行政处罚案卷装订服务供应商的比选公告,2018/4/28,http://syj.chengdu.gov.cn/spypjd/c111111/2018-04/28/content_d17456b9df1f4bad83599f2d61d13419.shtml,0
510100,市场监督,中华人民共和国消费者权益保护法,2018/3/8,http://syj.chengdu.gov.cn/spypjd/c112765/2018-03/08/content_606644c0133742608bc71378b7be3da9.shtml,0
510100,市场监督,中华人民共和国食品安全法,2018/3/8,http://syj.chengdu.gov.cn/spypjd/c112765/2018-03/08/content_b3e50705f0224ead8d89db638dfa0228.shtml,0
510100,市场监督,从非法渠道购进中药饮片，药店被重罚,2018/5/31,http://syj.chengdu.gov.cn/spypjd/c112765/2018-05/31/content_7241c31dbc294801a98f328e7839cfd1.shtml,0
510100,市场监督,全国人民代表大会常务委员会关于修改《中华人民共和国产品质量法》等五部法律的决定,2019/3/26,http://syj.chengdu.gov.cn/spypjd/c112765/2019-03/26/content_702402ed9f7840c5b228594b1b548820.shtml,0
510500,医保管理,201804161654146558.pdf,NULL,http://rsj.luzhou.gov.cn/zwgk/zcwj/content_472015,0
510500,医保管理,201904111601282297.doc,NULL,http://rsj.luzhou.gov.cn/zwgk/tzgg/content_597257,0
513200,人社,阿坝州2011年“就业援助月活动”马尔康地区专场招聘会公告,2011/2/25,http://rsj.abazhou.gov.cn/abzrlzyshbzj/c100004/201102/ef34d82301e045b790d0ae6ef945f75c.shtml,1
513200,人社,阿坝州2012年“就业援助月活动”专场招聘会公告,2012/1/11,http://rsj.abazhou.gov.cn/abzrlzyshbzj/c100004/201201/ed457182d4f8482aa7936aac8217ac50.shtml,1
520000,卫生,· 2019年贵州省全科医生特设岗位计划公开招聘拟聘用人员名单公示 2019-12-02,NULL,http://www.gzhfpc.gov.cn/xwzx_500663/tzgg/201912/t20191202_38040254.html,0
520000,卫生,· 2020年1月27日贵州省新型冠状病毒感染的肺炎疫情情况 2020-01-28,NULL,http://www.gzhfpc.gov.cn/xwzx_500663/tzgg/202001/t20200128_45676778.html,0
520000,发改,省人民政府办公厅关于鼓励工程施工企业在劳务用工中使用当地建档立卡贫困劳动力助力脱贫攻坚的通知,NULL,http://fgw.guizhou.gov.cn/fzggdt/zcfb/201804/t20180404_25193318.html,1
520400,民政,安顺市社区戒毒社区康复人员就业扶持实施办法,2016/5/12,http://smzj.anshun.gov.cn/zwgk/zcfg/bmwj_70770/201912/t20191203_25893946.html,1
520600,发改,《乡村振兴战略规划（2018—2022年）》...,2018/10/8,http://fgw.trs.gov.cn/xxgk_500454/xxgkml/zdgk/ghjh/201810/t20181008_16989135.html,0
520600,发改,《关于降低部分行政事业性收费标准的通...,2019/8/5,http://fgw.trs.gov.cn/xxgk_500454/xxgkml/zdgk/tzgg/201908/t20190805_16990884.html,0
520600,发改,《外商投资项目核准和备案管理办法》 20...,2015/9/1,http://fgw.trs.gov.cn/xxgk_500454/xxgkml/zdgk/tzgg/201509/t20150901_16989490.html,0
520600,发改,《政府核准投资项目管理办法》2014年第1...,2015/9/1,http://fgw.trs.gov.cn/xxgk_500454/xxgkml/zdgk/tzgg/201509/t20150901_16989491.html,0
520600,发改,《鼓励外商投资产业目录（2019年版）》 ...,2019/7/1,http://fgw.trs.gov.cn/xxgk_500454/xxgkml/zdgk/tzgg/201907/t20190701_16990873.html,0
520600,发改,12月28日24时起贵州成品油价格按机制上调,2017/12/28,http://fgw.trs.gov.cn/xxgk_500454/xxgkml/zdgk/tzgg/201712/t20171228_16990491.html,0
520600,发改,2015年招标师注册人员名单（第九批）  2...,2016/1/14,http://fgw.trs.gov.cn/xxgk_500454/xxgkml/zdgk/tzgg/201601/t20160114_16989590.html,0
520600,发改,2017年市级基本建设前期工作经费安排计...,2017/6/19,http://fgw.trs.gov.cn/xxgk_500454/xxgkml/zdgk/ghjh/201706/t20170619_16989116.html,0
520600,发改,2018年全年12358监管情况及分析,2019/1/2,http://fgw.trs.gov.cn/xxgk_500454/xxgkml/zdgk/wjxx/201901/t20190102_16989300.html,0
520600,发改,2019年7月9日24时起 贵州成品油价格按机...,2019/7/9,http://fgw.trs.gov.cn/xxgk_500454/xxgkml/zdgk/wjxx/201907/t20190709_16989312.html,0
530000,人民政府,云南省人民政府办公厅关于加强环境监管执法的实施意见,2015/4/3,http://www.yn.gov.cn/zwgk/zcwj/yzfb/201504/t20150403_144121.html,0
530000,人民政府,云南省人民政府办公厅关于加强长江水生生物保护工作的实施意见,2019/3/27,http://www.yn.gov.cn/zwgk/zcwj/yzfb/201911/t20191101_183914.html,0
532300,人社,楚雄州人力资源市场举办2015年就业援助服务活动专场招聘会公告,2015/12/4,http://rsj.cxz.gov.cn/info/1136/2275.htm,1
532300,人社,楚雄州人力资源市场举办2017年“就业援助”“春风行动”专场招聘会公告,2017/1/17,http://rsj.cxz.gov.cn/info/1136/2049.htm,1
532300,民政,以案释法（彩票代销者不得自行随意 转让投注站）,NULL,http://www.cxzmz.gov.cn/zcfg/2019/1224/1372.html,0
532300,民政,楚雄州城乡医疗救助政策,NULL,http://www.cxzmz.gov.cn/zcfg/2017/0926/798.html,0
542500,民政,关于征求对地区民政局领导班子及成员意见建议的函,NULL,http://mz.al.gov.cn/info/1027/1210.htm,0
630000,人民政府,两会特刊：如何推进脱贫攻坚，破解民生“难点”？,NULL,http://fpj.qinghai.gov.cn/zcfg/9673.jhtml,0
630000,人民政府,中办国办印发《关于建立贫困退出机制的意见》（全文）,NULL,http://fpj.qinghai.gov.cn/zcfg/10230.jhtml,0
630000,人民政府,关于印发《幼儿园教师职业行为负面清单及处理办法》的通知,NULL,http://jyt.qinghai.gov.cn/gk/zcfg/gfxwj/201909/t20190928_31980.html,0
630000,人社,省人力资源社会保障厅举办玉树地震灾区恢复重建就业援助招聘活动,2016/12/29,http://rst.qinghai.gov.cn/pages/zxzx/rsyw/60253.html?frompage=homepage,1
630000,人社,省人才交流中心开展“我们和您在一起”贫困家庭就业援助系列活动,2016/12/29,http://rst.qinghai.gov.cn/pages/zxzx/rsyw/61430.html?frompage=homepage,1
630000,人社,省人社厅会同省残联广泛开展“就业援助月”活动帮助就业困难人员实现就业,2016/12/29,http://rst.qinghai.gov.cn/pages/zxzx/rsyw/60708.html?frompage=homepage,1
630000,人社,青海省2018年“就业援助月”专项活动全面启动,2018/2/5,http://rst.qinghai.gov.cn/pages/zxzx/rsyw/70009.html?frompage=homepage,1
630000,人社,青海省困难高校毕业生就业援助活动全面启动,2016/12/29,http://rst.qinghai.gov.cn/pages/zxzx/rsyw/61090.html?frompage=homepage,1
640100,人民政府,关于追加农村建档立卡贫困劳动力公益性岗位人员商业意外保险资金的报告,2018/8/16,http://www.yinchuan.gov.cn/xxgk/bmxxgkml/srsj_2124/xxgkml_2127/bmqtwj_2135/201810/t20181011_1124552.html,1
640100,财政,关于转发《自治区财政厅关于印发<宁夏回族 自治区本级行政单位通用办公设备家具配置标准>的通知》的通知,2018/10/30,http://www.yinchuan.gov.cn/xxgk/bmxxgkml/sczj/xxgkml_2101/bmqtwj_2109/201811/t20181126_1180844.html,0
640100,财政,银川市财政局关于印发《银川市本级行政 事业单位国有资产出租实施办法 （试行）》的通知,2019/9/16,http://www.yinchuan.gov.cn/xxgk/bmxxgkml/sczj/xxgkml_2101/bmqtwj_2109/201909/t20190916_1739800.html,0
640100,财政,银川市财政局关于简化资金拨付流程的通知,2019/10/10,http://www.yinchuan.gov.cn/xxgk/bmxxgkml/sczj/xxgkml_2101/bmqtwj_2109/201910/t20191010_1783781.html,0
652700,人社,关于开展2013年就业援助月活动的通知,2013/10/20,http://boz.xjrs.gov.cn/zwxx/zxfb/201310/t2c90845d41d3a5380141d449f18100c5.html,1
